class,1100,1105,1110,1115,1120,1125,1130,1135,1140,1145,1150,1155,1160,1165,1170,1175,1180,1185,1190,1195,1200,1205,1210,1215,1220,1225,1230,1235,1240,1245,1250,1255,1260,1265,1270,1275,1280,1285,1290,1295,1300,1305,1310,1315,1320,1325,1330,1335,1340,1345,1350,1355,1360,1365,1370,1375,1380,1385,1390,1395,1400,1405,1410,1415,1420,1425,1430,1435,1440,1445,1450,1455,1460,1465,1470,1475,1480,1485,1490,1495,1500,1505,1510,1515,1520,1525,1530,1535,1540,1545,1550,1555,1560,1565,1570,1575,1580,1585,1590,1595,1600,1605,1610,1615,1620,1625,1630,1635,1640,1645,1650
fondo,0.058,0.058,0.058,0.058,0.058,0.058,0.058,0.058,0.058,0.058,0.058,0.058,0.058,0.058,0.057,0.058,0.057,0.057,0.057,0.057,0.057,0.057,0.057,0.057,0.057,0.057,0.057,0.057,0.057,0.057,0.057,0.057,0.057,0.057,0.057,0.057,0.057,0.057,0.057,0.057,0.057,0.057,0.057,0.057,0.057,0.057,0.057,0.057,0.057,0.057,0.057,0.056,0.056,0.056,0.056,0.056,0.056,0.056,0.056,0.055,0.055,0.056,0.056,0.056,0.055,0.055,0.055,0.055,0.055,0.056,0.055,0.055,0.055,0.055,0.055,0.055,0.055,0.055,0.055,0.055,0.055,0.055,0.055,0.055,0.054,0.054,0.054,0.054,0.054,0.054,0.054,0.054,0.054,0.054,0.054,0.054,0.054,0.054,0.054,0.053,0.053,0.053,0.053,0.053,0.053,0.053,0.052,0.052,0.052,0.052,0.051
fondo,0.061,0.061,0.061,0.061,0.061,0.061,0.06,0.06,0.06,0.06,0.061,0.06,0.06,0.06,0.061,0.06,0.06,0.06,0.06,0.06,0.06,0.06,0.06,0.059,0.059,0.06,0.059,0.059,0.059,0.059,0.059,0.059,0.059,0.059,0.059,0.058,0.058,0.059,0.058,0.058,0.059,0.059,0.059,0.059,0.058,0.058,0.058,0.058,0.058,0.058,0.058,0.058,0.057,0.057,0.058,0.058,0.057,0.057,0.057,0.057,0.057,0.057,0.057,0.057,0.057,0.057,0.057,0.057,0.056,0.056,0.056,0.056,0.056,0.056,0.056,0.056,0.056,0.056,0.056,0.056,0.055,0.056,0.056,0.055,0.055,0.055,0.055,0.055,0.055,0.055,0.055,0.055,0.055,0.055,0.055,0.054,0.054,0.054,0.054,0.054,0.054,0.054,0.053,0.054,0.054,0.054,0.053,0.053,0.053,0.052,0.052
fondo,0.062,0.062,0.062,0.062,0.061,0.061,0.062,0.062,0.062,0.062,0.062,0.062,0.062,0.061,0.061,0.061,0.061,0.061,0.061,0.061,0.061,0.061,0.061,0.061,0.061,0.061,0.061,0.061,0.061,0.061,0.061,0.06,0.06,0.06,0.06,0.06,0.06,0.06,0.06,0.06,0.06,0.06,0.06,0.06,0.06,0.06,0.06,0.06,0.06,0.06,0.06,0.059,0.059,0.059,0.059,0.059,0.058,0.058,0.058,0.058,0.058,0.058,0.058,0.058,0.058,0.058,0.058,0.058,0.058,0.058,0.057,0.057,0.057,0.057,0.057,0.057,0.057,0.057,0.057,0.057,0.057,0.056,0.056,0.056,0.055,0.056,0.056,0.055,0.055,0.055,0.055,0.055,0.055,0.055,0.054,0.054,0.054,0.054,0.054,0.054,0.054,0.054,0.054,0.054,0.053,0.053,0.052,0.052,0.052,0.052,0.052
fondo,0.061,0.061,0.061,0.061,0.061,0.061,0.061,0.061,0.061,0.061,0.061,0.061,0.061,0.061,0.061,0.061,0.061,0.06,0.06,0.061,0.06,0.06,0.06,0.06,0.06,0.06,0.06,0.06,0.06,0.061,0.06,0.06,0.06,0.06,0.06,0.06,0.06,0.06,0.06,0.06,0.06,0.06,0.059,0.059,0.059,0.059,0.06,0.06,0.06,0.059,0.059,0.059,0.059,0.059,0.059,0.059,0.059,0.059,0.059,0.058,0.059,0.059,0.059,0.059,0.059,0.059,0.059,0.059,0.059,0.059,0.059,0.059,0.059,0.059,0.058,0.058,0.058,0.058,0.058,0.058,0.058,0.058,0.058,0.058,0.058,0.058,0.058,0.058,0.058,0.058,0.058,0.058,0.057,0.058,0.057,0.058,0.058,0.058,0.058,0.058,0.058,0.057,0.057,0.057,0.056,0.056,0.056,0.056,0.055,0.054,0.054
fondo,0.06,0.06,0.06,0.06,0.06,0.06,0.06,0.06,0.059,0.059,0.059,0.059,0.06,0.06,0.059,0.059,0.059,0.059,0.059,0.059,0.059,0.059,0.059,0.059,0.059,0.059,0.059,0.059,0.059,0.059,0.058,0.058,0.058,0.058,0.058,0.058,0.058,0.057,0.057,0.057,0.058,0.058,0.057,0.057,0.057,0.057,0.057,0.057,0.057,0.056,0.056,0.056,0.056,0.055,0.055,0.056,0.055,0.055,0.055,0.055,0.055,0.055,0.055,0.055,0.055,0.055,0.055,0.055,0.055,0.054,0.054,0.054,0.055,0.054,0.055,0.055,0.054,0.054,0.055,0.055,0.055,0.054,0.054,0.054,0.054,0.053,0.054,0.053,0.054,0.053,0.053,0.053,0.053,0.053,0.053,0.053,0.053,0.053,0.053,0.053,0.053,0.052,0.052,0.051,0.051,0.051,0.051,0.051,0.05,0.05,0.05
fondo,0.061,0.061,0.061,0.061,0.061,0.061,0.061,0.061,0.061,0.061,0.061,0.061,0.061,0.061,0.061,0.061,0.061,0.061,0.061,0.061,0.061,0.061,0.061,0.061,0.061,0.061,0.061,0.06,0.061,0.061,0.061,0.06,0.06,0.061,0.061,0.061,0.06,0.06,0.06,0.06,0.06,0.061,0.06,0.06,0.06,0.06,0.06,0.061,0.06,0.06,0.06,0.06,0.06,0.06,0.06,0.06,0.06,0.06,0.06,0.06,0.06,0.06,0.06,0.06,0.06,0.06,0.06,0.06,0.06,0.06,0.06,0.06,0.059,0.059,0.059,0.059,0.06,0.06,0.059,0.059,0.059,0.059,0.059,0.059,0.059,0.058,0.059,0.059,0.059,0.058,0.059,0.059,0.059,0.059,0.059,0.058,0.058,0.058,0.058,0.057,0.058,0.058,0.058,0.057,0.057,0.056,0.056,0.056,0.055,0.055,0.055
fondo,0.069,0.069,0.068,0.068,0.067,0.067,0.067,0.067,0.067,0.067,0.067,0.067,0.066,0.066,0.066,0.066,0.066,0.066,0.066,0.066,0.066,0.066,0.066,0.066,0.066,0.066,0.066,0.066,0.066,0.066,0.066,0.066,0.066,0.066,0.066,0.066,0.066,0.066,0.065,0.065,0.065,0.065,0.065,0.065,0.065,0.065,0.065,0.064,0.065,0.065,0.064,0.064,0.064,0.064,0.064,0.064,0.064,0.063,0.063,0.063,0.063,0.063,0.063,0.063,0.063,0.063,0.062,0.062,0.062,0.062,0.062,0.062,0.062,0.062,0.062,0.062,0.062,0.062,0.062,0.062,0.061,0.061,0.061,0.061,0.061,0.061,0.062,0.062,0.062,0.061,0.061,0.061,0.061,0.061,0.061,0.061,0.06,0.06,0.06,0.06,0.059,0.059,0.059,0.059,0.059,0.059,0.058,0.058,0.058,0.058,0.057
fondo,0.06,0.06,0.06,0.06,0.06,0.06,0.06,0.06,0.06,0.06,0.06,0.06,0.06,0.06,0.06,0.059,0.059,0.059,0.059,0.059,0.059,0.059,0.059,0.059,0.059,0.059,0.059,0.059,0.059,0.059,0.059,0.059,0.059,0.059,0.059,0.058,0.058,0.058,0.058,0.058,0.058,0.058,0.058,0.058,0.058,0.058,0.058,0.057,0.057,0.057,0.057,0.057,0.057,0.056,0.057,0.057,0.056,0.056,0.057,0.056,0.056,0.056,0.056,0.056,0.056,0.056,0.056,0.056,0.056,0.055,0.055,0.055,0.055,0.055,0.055,0.056,0.056,0.055,0.055,0.055,0.055,0.055,0.055,0.055,0.055,0.055,0.055,0.055,0.055,0.055,0.055,0.055,0.055,0.055,0.055,0.054,0.055,0.055,0.054,0.054,0.054,0.054,0.054,0.054,0.054,0.053,0.052,0.052,0.052,0.052,0.052
fondo,0.062,0.062,0.062,0.061,0.061,0.061,0.061,0.061,0.061,0.061,0.061,0.061,0.061,0.061,0.061,0.061,0.061,0.061,0.061,0.06,0.06,0.06,0.06,0.06,0.06,0.06,0.06,0.06,0.06,0.06,0.06,0.06,0.06,0.06,0.06,0.059,0.059,0.059,0.059,0.06,0.06,0.06,0.059,0.059,0.059,0.059,0.059,0.059,0.059,0.059,0.059,0.059,0.059,0.058,0.058,0.058,0.058,0.058,0.058,0.058,0.058,0.058,0.058,0.058,0.058,0.058,0.057,0.057,0.057,0.057,0.057,0.057,0.057,0.057,0.057,0.057,0.057,0.057,0.057,0.057,0.057,0.057,0.057,0.057,0.057,0.057,0.057,0.057,0.056,0.057,0.057,0.057,0.057,0.057,0.057,0.057,0.057,0.057,0.056,0.056,0.056,0.055,0.055,0.055,0.055,0.055,0.054,0.054,0.054,0.053,0.053
fondo,0.066,0.067,0.067,0.067,0.066,0.066,0.066,0.066,0.066,0.066,0.066,0.066,0.066,0.066,0.065,0.065,0.065,0.064,0.065,0.064,0.064,0.064,0.064,0.064,0.064,0.064,0.064,0.064,0.064,0.064,0.064,0.064,0.063,0.063,0.063,0.063,0.063,0.063,0.063,0.063,0.063,0.063,0.062,0.062,0.062,0.062,0.062,0.062,0.062,0.062,0.061,0.061,0.061,0.061,0.061,0.061,0.061,0.061,0.061,0.06,0.06,0.061,0.061,0.06,0.06,0.06,0.06,0.059,0.06,0.06,0.06,0.06,0.059,0.059,0.06,0.059,0.059,0.059,0.059,0.059,0.059,0.059,0.059,0.059,0.058,0.058,0.058,0.058,0.058,0.058,0.058,0.058,0.058,0.058,0.058,0.058,0.058,0.058,0.057,0.057,0.057,0.057,0.057,0.057,0.056,0.056,0.055,0.055,0.055,0.054,0.054
fondo,0.066,0.066,0.066,0.066,0.066,0.066,0.065,0.065,0.065,0.065,0.065,0.065,0.065,0.065,0.065,0.065,0.065,0.065,0.065,0.065,0.065,0.065,0.065,0.064,0.065,0.065,0.064,0.064,0.064,0.064,0.064,0.064,0.064,0.064,0.064,0.064,0.064,0.064,0.064,0.064,0.063,0.063,0.063,0.063,0.063,0.063,0.063,0.063,0.063,0.063,0.062,0.062,0.062,0.062,0.062,0.062,0.062,0.061,0.061,0.061,0.061,0.061,0.061,0.061,0.061,0.061,0.061,0.061,0.061,0.061,0.061,0.061,0.061,0.061,0.061,0.06,0.06,0.061,0.061,0.06,0.06,0.061,0.061,0.061,0.06,0.06,0.06,0.06,0.06,0.06,0.061,0.061,0.06,0.06,0.061,0.061,0.061,0.06,0.06,0.06,0.06,0.059,0.059,0.059,0.058,0.058,0.058,0.058,0.057,0.057,0.056
fondo,0.065,0.066,0.065,0.065,0.065,0.065,0.065,0.065,0.065,0.065,0.065,0.065,0.065,0.065,0.064,0.064,0.064,0.064,0.064,0.064,0.064,0.064,0.064,0.064,0.064,0.064,0.063,0.063,0.063,0.063,0.063,0.063,0.063,0.063,0.063,0.063,0.063,0.063,0.063,0.062,0.062,0.062,0.062,0.062,0.062,0.062,0.062,0.062,0.062,0.062,0.062,0.062,0.061,0.061,0.061,0.061,0.061,0.061,0.061,0.061,0.061,0.061,0.061,0.061,0.061,0.06,0.06,0.06,0.06,0.06,0.06,0.06,0.059,0.06,0.06,0.059,0.059,0.059,0.06,0.06,0.059,0.06,0.059,0.059,0.058,0.058,0.058,0.058,0.058,0.058,0.059,0.059,0.059,0.059,0.059,0.059,0.059,0.059,0.059,0.059,0.058,0.058,0.058,0.057,0.057,0.057,0.056,0.056,0.056,0.056,0.055
fondo,0.069,0.069,0.069,0.07,0.069,0.069,0.069,0.069,0.07,0.069,0.069,0.069,0.069,0.069,0.069,0.069,0.069,0.069,0.069,0.069,0.068,0.068,0.068,0.068,0.069,0.069,0.069,0.069,0.068,0.068,0.068,0.068,0.069,0.068,0.068,0.068,0.068,0.068,0.068,0.068,0.068,0.068,0.068,0.068,0.068,0.067,0.068,0.068,0.068,0.068,0.067,0.067,0.067,0.067,0.066,0.066,0.067,0.067,0.067,0.066,0.066,0.066,0.066,0.066,0.066,0.065,0.065,0.065,0.065,0.065,0.065,0.065,0.065,0.065,0.065,0.065,0.064,0.064,0.064,0.064,0.064,0.064,0.064,0.064,0.064,0.064,0.064,0.064,0.064,0.064,0.064,0.063,0.063,0.063,0.063,0.063,0.063,0.063,0.063,0.062,0.062,0.062,0.062,0.062,0.062,0.061,0.06,0.06,0.06,0.059,0.059
fondo,0.063,0.063,0.063,0.063,0.063,0.063,0.063,0.063,0.063,0.063,0.062,0.063,0.063,0.063,0.063,0.063,0.063,0.063,0.063,0.063,0.063,0.063,0.063,0.063,0.063,0.063,0.063,0.063,0.062,0.062,0.062,0.062,0.062,0.062,0.062,0.062,0.062,0.062,0.062,0.062,0.062,0.062,0.062,0.062,0.062,0.062,0.062,0.062,0.062,0.061,0.061,0.061,0.061,0.061,0.061,0.061,0.061,0.061,0.061,0.061,0.061,0.061,0.061,0.061,0.06,0.06,0.06,0.061,0.06,0.06,0.06,0.06,0.06,0.06,0.06,0.06,0.06,0.06,0.06,0.06,0.06,0.06,0.06,0.06,0.06,0.06,0.06,0.06,0.06,0.06,0.06,0.06,0.06,0.059,0.06,0.06,0.06,0.06,0.059,0.059,0.059,0.059,0.058,0.058,0.058,0.058,0.058,0.058,0.058,0.057,0.056
fondo,0.064,0.064,0.064,0.064,0.064,0.064,0.064,0.064,0.063,0.063,0.064,0.064,0.064,0.063,0.063,0.063,0.063,0.063,0.063,0.063,0.063,0.063,0.063,0.063,0.063,0.063,0.063,0.063,0.063,0.063,0.063,0.063,0.063,0.063,0.062,0.062,0.063,0.063,0.063,0.063,0.063,0.063,0.063,0.063,0.062,0.063,0.063,0.063,0.063,0.063,0.062,0.062,0.062,0.062,0.062,0.062,0.062,0.062,0.062,0.062,0.062,0.061,0.061,0.061,0.061,0.061,0.061,0.061,0.061,0.061,0.061,0.061,0.061,0.061,0.061,0.061,0.061,0.061,0.061,0.061,0.061,0.061,0.061,0.061,0.06,0.06,0.06,0.06,0.06,0.06,0.06,0.06,0.06,0.06,0.059,0.06,0.059,0.059,0.059,0.06,0.06,0.06,0.059,0.059,0.059,0.058,0.058,0.058,0.058,0.058,0.058
fondo,0.068,0.068,0.068,0.068,0.068,0.068,0.068,0.069,0.069,0.069,0.068,0.068,0.068,0.068,0.068,0.068,0.068,0.068,0.068,0.068,0.068,0.068,0.068,0.067,0.068,0.068,0.068,0.068,0.068,0.068,0.067,0.067,0.067,0.067,0.067,0.067,0.067,0.067,0.067,0.067,0.067,0.067,0.067,0.067,0.067,0.067,0.067,0.067,0.066,0.066,0.066,0.066,0.066,0.066,0.066,0.065,0.065,0.065,0.066,0.066,0.066,0.065,0.065,0.065,0.065,0.065,0.065,0.065,0.065,0.065,0.064,0.065,0.064,0.064,0.064,0.064,0.064,0.064,0.064,0.064,0.064,0.064,0.064,0.064,0.064,0.064,0.063,0.063,0.063,0.064,0.063,0.063,0.063,0.063,0.063,0.063,0.063,0.062,0.062,0.062,0.062,0.062,0.062,0.063,0.063,0.062,0.062,0.061,0.061,0.061,0.06
fondo,0.067,0.067,0.067,0.067,0.067,0.067,0.067,0.067,0.067,0.067,0.067,0.067,0.067,0.067,0.067,0.067,0.067,0.067,0.067,0.067,0.067,0.067,0.067,0.067,0.067,0.067,0.067,0.067,0.067,0.067,0.067,0.067,0.067,0.066,0.066,0.066,0.066,0.067,0.066,0.066,0.066,0.066,0.066,0.066,0.066,0.066,0.066,0.065,0.066,0.066,0.065,0.065,0.065,0.065,0.065,0.065,0.065,0.065,0.065,0.065,0.065,0.065,0.065,0.064,0.064,0.065,0.065,0.064,0.064,0.064,0.064,0.064,0.064,0.064,0.064,0.064,0.064,0.064,0.064,0.064,0.064,0.064,0.064,0.063,0.063,0.063,0.063,0.063,0.063,0.063,0.063,0.063,0.063,0.063,0.063,0.063,0.063,0.063,0.062,0.062,0.062,0.062,0.062,0.062,0.062,0.062,0.062,0.062,0.061,0.061,0.06
fondo,0.067,0.067,0.068,0.068,0.068,0.068,0.068,0.068,0.068,0.068,0.068,0.068,0.068,0.068,0.068,0.067,0.068,0.068,0.068,0.067,0.067,0.067,0.067,0.067,0.067,0.067,0.067,0.067,0.067,0.067,0.067,0.067,0.067,0.067,0.067,0.067,0.067,0.067,0.067,0.067,0.067,0.067,0.067,0.067,0.067,0.067,0.067,0.067,0.067,0.067,0.067,0.067,0.067,0.066,0.067,0.067,0.066,0.066,0.066,0.066,0.066,0.066,0.066,0.066,0.066,0.066,0.066,0.066,0.066,0.066,0.066,0.066,0.066,0.066,0.066,0.066,0.066,0.066,0.066,0.066,0.065,0.065,0.066,0.066,0.066,0.066,0.066,0.066,0.066,0.066,0.066,0.065,0.066,0.066,0.066,0.065,0.066,0.066,0.065,0.065,0.064,0.064,0.064,0.065,0.065,0.065,0.065,0.064,0.064,0.064,0.063
fondo,0.065,0.065,0.065,0.065,0.065,0.065,0.065,0.065,0.065,0.065,0.065,0.065,0.065,0.065,0.065,0.065,0.065,0.065,0.065,0.065,0.065,0.065,0.065,0.065,0.065,0.065,0.065,0.064,0.064,0.064,0.064,0.064,0.064,0.064,0.064,0.064,0.064,0.064,0.064,0.064,0.064,0.064,0.064,0.065,0.064,0.064,0.064,0.064,0.064,0.064,0.064,0.063,0.063,0.063,0.064,0.063,0.063,0.063,0.063,0.063,0.063,0.063,0.063,0.063,0.063,0.063,0.063,0.063,0.062,0.062,0.063,0.063,0.063,0.063,0.062,0.062,0.062,0.063,0.062,0.062,0.062,0.062,0.062,0.062,0.062,0.063,0.062,0.062,0.062,0.062,0.062,0.062,0.062,0.062,0.062,0.061,0.061,0.062,0.062,0.062,0.061,0.061,0.062,0.061,0.061,0.061,0.06,0.06,0.06,0.059,0.059
fondo,0.064,0.063,0.063,0.063,0.063,0.063,0.063,0.063,0.063,0.063,0.063,0.063,0.063,0.063,0.063,0.062,0.062,0.062,0.063,0.062,0.062,0.062,0.062,0.062,0.062,0.062,0.062,0.062,0.062,0.062,0.062,0.062,0.062,0.061,0.061,0.062,0.062,0.062,0.061,0.061,0.062,0.061,0.061,0.061,0.061,0.061,0.061,0.061,0.061,0.061,0.061,0.061,0.06,0.06,0.06,0.06,0.06,0.06,0.06,0.06,0.06,0.059,0.059,0.059,0.059,0.059,0.059,0.059,0.059,0.059,0.059,0.058,0.058,0.058,0.059,0.058,0.059,0.058,0.058,0.058,0.058,0.059,0.059,0.058,0.058,0.058,0.058,0.058,0.058,0.058,0.058,0.058,0.058,0.058,0.058,0.058,0.058,0.058,0.058,0.058,0.057,0.057,0.057,0.057,0.057,0.056,0.056,0.056,0.055,0.055,0.054
fondo,0.062,0.062,0.062,0.062,0.062,0.062,0.062,0.062,0.062,0.062,0.062,0.062,0.062,0.062,0.062,0.062,0.062,0.062,0.062,0.061,0.061,0.061,0.061,0.061,0.061,0.061,0.061,0.061,0.061,0.061,0.061,0.061,0.061,0.061,0.061,0.061,0.061,0.061,0.061,0.061,0.06,0.06,0.06,0.06,0.06,0.06,0.06,0.06,0.06,0.06,0.06,0.06,0.06,0.059,0.059,0.059,0.059,0.059,0.059,0.059,0.059,0.059,0.059,0.059,0.058,0.058,0.058,0.058,0.058,0.058,0.058,0.058,0.058,0.058,0.058,0.057,0.057,0.057,0.057,0.057,0.057,0.057,0.057,0.057,0.057,0.057,0.057,0.056,0.057,0.056,0.056,0.056,0.056,0.056,0.056,0.056,0.056,0.056,0.055,0.055,0.055,0.055,0.055,0.054,0.054,0.053,0.053,0.052,0.052,0.051,0.051
fondo,0.069,0.07,0.07,0.07,0.07,0.07,0.07,0.07,0.07,0.07,0.07,0.07,0.07,0.07,0.07,0.07,0.07,0.07,0.07,0.07,0.07,0.07,0.07,0.07,0.07,0.07,0.07,0.07,0.07,0.07,0.07,0.07,0.07,0.07,0.07,0.07,0.07,0.07,0.071,0.071,0.07,0.071,0.071,0.071,0.07,0.07,0.07,0.07,0.07,0.07,0.07,0.07,0.07,0.069,0.069,0.069,0.069,0.069,0.069,0.069,0.068,0.068,0.068,0.068,0.068,0.068,0.068,0.068,0.067,0.067,0.067,0.067,0.067,0.067,0.067,0.067,0.067,0.067,0.067,0.067,0.066,0.066,0.066,0.066,0.066,0.066,0.065,0.065,0.065,0.065,0.064,0.064,0.064,0.064,0.063,0.063,0.063,0.063,0.062,0.062,0.062,0.062,0.062,0.062,0.062,0.061,0.06,0.06,0.059,0.059,0.059
fondo,0.063,0.064,0.064,0.064,0.063,0.063,0.063,0.063,0.063,0.063,0.063,0.063,0.063,0.063,0.063,0.063,0.063,0.063,0.063,0.063,0.063,0.063,0.063,0.063,0.063,0.063,0.063,0.063,0.063,0.063,0.063,0.062,0.062,0.062,0.063,0.063,0.063,0.063,0.062,0.062,0.063,0.063,0.063,0.062,0.063,0.062,0.062,0.062,0.062,0.062,0.061,0.061,0.061,0.062,0.061,0.061,0.061,0.061,0.061,0.061,0.061,0.061,0.061,0.06,0.061,0.06,0.06,0.06,0.06,0.06,0.061,0.061,0.061,0.061,0.061,0.061,0.061,0.061,0.061,0.06,0.06,0.06,0.06,0.06,0.061,0.061,0.06,0.06,0.06,0.06,0.06,0.06,0.06,0.06,0.06,0.06,0.06,0.06,0.06,0.06,0.06,0.06,0.06,0.06,0.059,0.059,0.059,0.058,0.058,0.058,0.057
fondo,0.063,0.063,0.063,0.063,0.063,0.063,0.062,0.062,0.062,0.062,0.062,0.062,0.062,0.061,0.061,0.061,0.062,0.061,0.061,0.061,0.061,0.061,0.061,0.061,0.061,0.061,0.061,0.061,0.06,0.06,0.06,0.06,0.06,0.06,0.06,0.06,0.06,0.06,0.06,0.06,0.06,0.06,0.059,0.059,0.06,0.059,0.059,0.059,0.059,0.059,0.059,0.058,0.058,0.058,0.058,0.058,0.057,0.058,0.058,0.058,0.058,0.057,0.057,0.057,0.057,0.057,0.057,0.057,0.057,0.057,0.056,0.057,0.057,0.057,0.056,0.056,0.056,0.056,0.056,0.056,0.056,0.056,0.055,0.055,0.055,0.055,0.055,0.055,0.055,0.055,0.055,0.055,0.055,0.055,0.055,0.055,0.055,0.055,0.054,0.054,0.054,0.054,0.054,0.053,0.053,0.054,0.054,0.054,0.053,0.053,0.052
fondo,0.061,0.061,0.061,0.061,0.061,0.061,0.06,0.061,0.061,0.06,0.06,0.06,0.06,0.06,0.06,0.061,0.06,0.06,0.06,0.06,0.06,0.06,0.06,0.06,0.06,0.06,0.06,0.06,0.06,0.059,0.059,0.06,0.059,0.059,0.059,0.059,0.059,0.059,0.059,0.059,0.059,0.059,0.059,0.059,0.059,0.059,0.059,0.059,0.059,0.059,0.058,0.058,0.058,0.058,0.058,0.058,0.058,0.058,0.058,0.058,0.058,0.058,0.058,0.057,0.058,0.057,0.057,0.057,0.057,0.058,0.058,0.058,0.058,0.057,0.057,0.057,0.057,0.057,0.057,0.057,0.057,0.057,0.057,0.057,0.057,0.057,0.056,0.056,0.056,0.056,0.056,0.056,0.056,0.056,0.056,0.056,0.056,0.056,0.056,0.056,0.055,0.055,0.056,0.056,0.056,0.056,0.055,0.055,0.055,0.055,0.054
fondo,0.059,0.059,0.059,0.06,0.06,0.06,0.06,0.059,0.06,0.06,0.059,0.06,0.06,0.059,0.059,0.059,0.059,0.059,0.059,0.059,0.059,0.059,0.059,0.059,0.059,0.059,0.059,0.059,0.059,0.059,0.059,0.059,0.059,0.059,0.059,0.059,0.059,0.059,0.059,0.059,0.059,0.058,0.058,0.059,0.059,0.059,0.059,0.059,0.059,0.058,0.058,0.058,0.058,0.058,0.058,0.058,0.058,0.058,0.058,0.058,0.057,0.057,0.057,0.057,0.057,0.057,0.057,0.057,0.057,0.057,0.058,0.058,0.057,0.057,0.058,0.058,0.057,0.057,0.057,0.057,0.057,0.057,0.057,0.057,0.057,0.057,0.057,0.057,0.056,0.056,0.056,0.056,0.057,0.056,0.056,0.056,0.056,0.056,0.056,0.056,0.056,0.056,0.055,0.056,0.056,0.055,0.055,0.055,0.055,0.054,0.054
fondo,0.081,0.081,0.081,0.081,0.081,0.081,0.081,0.081,0.08,0.08,0.08,0.08,0.08,0.08,0.08,0.08,0.08,0.079,0.079,0.079,0.079,0.078,0.078,0.078,0.078,0.078,0.077,0.078,0.077,0.077,0.077,0.077,0.077,0.077,0.076,0.076,0.076,0.076,0.076,0.075,0.075,0.075,0.075,0.075,0.074,0.074,0.074,0.074,0.074,0.074,0.073,0.073,0.072,0.072,0.072,0.072,0.071,0.071,0.071,0.071,0.07,0.07,0.07,0.07,0.07,0.069,0.069,0.069,0.069,0.068,0.068,0.068,0.067,0.067,0.067,0.067,0.067,0.067,0.066,0.066,0.067,0.066,0.066,0.066,0.066,0.066,0.065,0.065,0.066,0.065,0.065,0.065,0.065,0.065,0.065,0.064,0.064,0.064,0.064,0.064,0.063,0.064,0.064,0.064,0.064,0.063,0.064,0.063,0.063,0.062,0.062
fondo,0.069,0.069,0.069,0.069,0.069,0.069,0.069,0.07,0.069,0.069,0.069,0.069,0.068,0.069,0.069,0.068,0.068,0.068,0.068,0.067,0.067,0.067,0.067,0.067,0.067,0.067,0.067,0.067,0.067,0.067,0.066,0.066,0.066,0.066,0.066,0.066,0.066,0.066,0.066,0.066,0.066,0.066,0.066,0.065,0.065,0.065,0.065,0.065,0.065,0.065,0.065,0.065,0.064,0.064,0.064,0.064,0.064,0.064,0.063,0.063,0.063,0.063,0.063,0.062,0.062,0.062,0.062,0.062,0.062,0.062,0.062,0.062,0.062,0.061,0.061,0.061,0.061,0.061,0.061,0.061,0.061,0.061,0.06,0.06,0.06,0.06,0.06,0.059,0.059,0.059,0.059,0.059,0.06,0.06,0.059,0.059,0.059,0.059,0.059,0.058,0.058,0.058,0.058,0.058,0.058,0.058,0.058,0.057,0.057,0.057,0.056
fondo,0.06,0.06,0.06,0.06,0.06,0.061,0.06,0.06,0.06,0.06,0.06,0.06,0.06,0.06,0.06,0.06,0.06,0.06,0.06,0.06,0.06,0.06,0.06,0.06,0.06,0.06,0.06,0.06,0.06,0.06,0.06,0.06,0.06,0.06,0.059,0.059,0.059,0.059,0.06,0.06,0.059,0.059,0.059,0.059,0.059,0.059,0.059,0.059,0.059,0.059,0.059,0.059,0.058,0.058,0.059,0.059,0.058,0.058,0.058,0.058,0.058,0.058,0.058,0.058,0.058,0.058,0.058,0.058,0.058,0.058,0.058,0.058,0.058,0.058,0.058,0.058,0.058,0.058,0.058,0.058,0.058,0.058,0.058,0.058,0.058,0.058,0.058,0.058,0.058,0.058,0.058,0.058,0.058,0.058,0.058,0.058,0.058,0.058,0.057,0.058,0.057,0.057,0.058,0.058,0.057,0.058,0.058,0.057,0.056,0.056,0.057
fondo,0.066,0.066,0.066,0.066,0.066,0.066,0.066,0.066,0.066,0.066,0.066,0.066,0.066,0.066,0.066,0.066,0.066,0.066,0.066,0.066,0.066,0.066,0.066,0.066,0.066,0.066,0.066,0.066,0.066,0.066,0.066,0.066,0.066,0.066,0.066,0.066,0.066,0.066,0.066,0.066,0.066,0.065,0.066,0.066,0.066,0.065,0.065,0.065,0.065,0.065,0.065,0.065,0.065,0.064,0.065,0.065,0.064,0.064,0.064,0.064,0.064,0.064,0.064,0.064,0.064,0.063,0.064,0.064,0.063,0.063,0.064,0.064,0.064,0.063,0.063,0.063,0.063,0.063,0.063,0.063,0.063,0.063,0.063,0.063,0.063,0.063,0.063,0.063,0.063,0.063,0.062,0.063,0.063,0.063,0.062,0.062,0.062,0.062,0.062,0.062,0.062,0.063,0.062,0.062,0.062,0.062,0.062,0.062,0.061,0.061,0.06
Vceram,0.044,0.043,0.043,0.042,0.042,0.042,0.042,0.041,0.041,0.041,0.041,0.041,0.041,0.041,0.041,0.041,0.041,0.041,0.041,0.041,0.041,0.042,0.042,0.042,0.042,0.042,0.042,0.042,0.042,0.042,0.042,0.042,0.042,0.043,0.043,0.043,0.043,0.043,0.043,0.043,0.043,0.043,0.043,0.044,0.044,0.044,0.044,0.044,0.044,0.044,0.044,0.043,0.043,0.043,0.043,0.043,0.043,0.043,0.043,0.043,0.043,0.043,0.043,0.043,0.043,0.042,0.042,0.042,0.042,0.042,0.041,0.042,0.042,0.041,0.041,0.041,0.041,0.041,0.041,0.041,0.041,0.041,0.04,0.04,0.041,0.04,0.04,0.04,0.04,0.04,0.04,0.039,0.039,0.04,0.039,0.039,0.039,0.039,0.038,0.038,0.039,0.038,0.038,0.038,0.037,0.037,0.036,0.036,0.036,0.035,0.034
Vceram,0.031,0.03,0.029,0.029,0.029,0.028,0.028,0.027,0.027,0.027,0.027,0.027,0.027,0.027,0.027,0.027,0.027,0.026,0.026,0.026,0.026,0.026,0.026,0.026,0.026,0.026,0.026,0.026,0.026,0.026,0.026,0.025,0.025,0.025,0.025,0.025,0.025,0.025,0.025,0.025,0.025,0.025,0.025,0.025,0.025,0.025,0.025,0.025,0.025,0.025,0.024,0.024,0.023,0.023,0.024,0.024,0.023,0.023,0.023,0.022,0.022,0.022,0.022,0.021,0.021,0.021,0.021,0.021,0.021,0.021,0.021,0.02,0.02,0.02,0.02,0.02,0.02,0.019,0.019,0.019,0.019,0.019,0.019,0.019,0.019,0.019,0.018,0.018,0.019,0.018,0.018,0.018,0.017,0.017,0.017,0.017,0.017,0.017,0.016,0.016,0.016,0.016,0.016,0.016,0.015,0.015,0.015,0.014,0.014,0.014,0.013
Vceram,0.05,0.049,0.049,0.049,0.048,0.048,0.048,0.048,0.047,0.047,0.047,0.047,0.047,0.047,0.047,0.047,0.047,0.047,0.047,0.047,0.047,0.047,0.047,0.047,0.047,0.047,0.047,0.047,0.047,0.047,0.047,0.047,0.047,0.047,0.047,0.047,0.047,0.047,0.047,0.047,0.047,0.047,0.047,0.047,0.047,0.047,0.047,0.047,0.047,0.046,0.046,0.046,0.046,0.045,0.045,0.045,0.045,0.045,0.045,0.044,0.044,0.044,0.044,0.043,0.043,0.043,0.043,0.042,0.042,0.042,0.042,0.041,0.041,0.041,0.041,0.041,0.041,0.041,0.041,0.041,0.04,0.04,0.04,0.04,0.04,0.04,0.04,0.04,0.039,0.039,0.039,0.039,0.039,0.039,0.039,0.038,0.038,0.039,0.038,0.038,0.038,0.038,0.038,0.038,0.037,0.037,0.037,0.037,0.036,0.036,0.035
Vceram,0.05,0.049,0.049,0.049,0.048,0.048,0.047,0.047,0.047,0.047,0.047,0.046,0.046,0.047,0.047,0.047,0.046,0.046,0.047,0.046,0.046,0.046,0.046,0.046,0.046,0.046,0.046,0.046,0.046,0.047,0.046,0.047,0.047,0.046,0.047,0.047,0.047,0.047,0.047,0.047,0.047,0.047,0.047,0.048,0.048,0.048,0.049,0.048,0.049,0.049,0.049,0.049,0.048,0.048,0.049,0.049,0.049,0.049,0.049,0.049,0.049,0.049,0.049,0.05,0.05,0.05,0.05,0.05,0.05,0.05,0.05,0.05,0.05,0.05,0.05,0.05,0.05,0.051,0.051,0.051,0.051,0.052,0.051,0.051,0.051,0.052,0.052,0.052,0.052,0.052,0.053,0.053,0.052,0.053,0.053,0.052,0.053,0.053,0.053,0.053,0.053,0.053,0.053,0.053,0.052,0.052,0.052,0.052,0.052,0.052,0.051
Vceram,0.054,0.054,0.053,0.053,0.052,0.052,0.052,0.052,0.052,0.052,0.052,0.051,0.052,0.052,0.052,0.051,0.051,0.051,0.051,0.052,0.052,0.051,0.051,0.052,0.051,0.052,0.052,0.052,0.052,0.052,0.052,0.052,0.052,0.052,0.052,0.052,0.052,0.052,0.052,0.052,0.052,0.052,0.052,0.052,0.052,0.053,0.053,0.053,0.053,0.053,0.053,0.052,0.052,0.052,0.052,0.052,0.052,0.052,0.052,0.052,0.052,0.052,0.052,0.052,0.052,0.052,0.052,0.052,0.052,0.052,0.052,0.052,0.052,0.052,0.052,0.053,0.053,0.053,0.053,0.053,0.054,0.053,0.054,0.054,0.054,0.054,0.055,0.055,0.055,0.055,0.055,0.056,0.056,0.056,0.056,0.056,0.056,0.056,0.057,0.057,0.057,0.057,0.057,0.056,0.056,0.057,0.056,0.056,0.056,0.055,0.055
Vceram,0.058,0.057,0.057,0.057,0.056,0.056,0.055,0.056,0.055,0.055,0.055,0.055,0.055,0.056,0.056,0.056,0.055,0.055,0.056,0.056,0.056,0.056,0.056,0.056,0.057,0.057,0.057,0.057,0.057,0.058,0.058,0.058,0.059,0.059,0.059,0.06,0.06,0.06,0.061,0.061,0.062,0.062,0.063,0.063,0.064,0.064,0.065,0.065,0.066,0.066,0.066,0.066,0.066,0.066,0.067,0.068,0.068,0.068,0.068,0.068,0.069,0.069,0.069,0.069,0.07,0.07,0.069,0.07,0.069,0.069,0.07,0.07,0.07,0.07,0.07,0.071,0.071,0.071,0.071,0.071,0.071,0.071,0.071,0.071,0.071,0.071,0.071,0.071,0.072,0.072,0.072,0.072,0.072,0.072,0.072,0.072,0.072,0.072,0.072,0.072,0.072,0.072,0.072,0.071,0.071,0.071,0.07,0.069,0.069,0.068,0.068
Vceram,0.062,0.061,0.061,0.06,0.06,0.059,0.059,0.059,0.059,0.059,0.059,0.059,0.059,0.059,0.059,0.06,0.059,0.06,0.06,0.06,0.061,0.061,0.061,0.061,0.062,0.062,0.063,0.063,0.063,0.064,0.064,0.065,0.065,0.066,0.066,0.066,0.067,0.067,0.068,0.068,0.069,0.069,0.07,0.07,0.071,0.071,0.072,0.072,0.073,0.073,0.073,0.073,0.073,0.073,0.074,0.073,0.074,0.074,0.074,0.074,0.074,0.074,0.074,0.074,0.074,0.074,0.075,0.075,0.074,0.074,0.074,0.074,0.074,0.074,0.074,0.074,0.074,0.075,0.074,0.075,0.075,0.075,0.075,0.075,0.075,0.075,0.076,0.076,0.075,0.075,0.075,0.076,0.076,0.075,0.075,0.076,0.076,0.076,0.076,0.076,0.076,0.075,0.075,0.075,0.074,0.074,0.074,0.074,0.074,0.073,0.072
Vceram,0.094,0.094,0.094,0.094,0.094,0.093,0.093,0.093,0.094,0.094,0.094,0.094,0.094,0.094,0.094,0.094,0.094,0.094,0.094,0.094,0.094,0.094,0.094,0.094,0.095,0.095,0.095,0.094,0.094,0.094,0.094,0.094,0.094,0.094,0.094,0.094,0.094,0.094,0.093,0.093,0.093,0.093,0.093,0.093,0.092,0.092,0.092,0.092,0.092,0.091,0.091,0.09,0.089,0.089,0.088,0.088,0.087,0.087,0.086,0.086,0.085,0.084,0.084,0.083,0.082,0.082,0.081,0.081,0.08,0.079,0.078,0.078,0.077,0.077,0.076,0.076,0.076,0.075,0.074,0.074,0.073,0.073,0.072,0.072,0.072,0.071,0.071,0.07,0.07,0.069,0.068,0.068,0.067,0.067,0.067,0.066,0.066,0.066,0.065,0.064,0.064,0.063,0.063,0.062,0.062,0.061,0.061,0.06,0.059,0.058,0.058
Vceram,0.066,0.066,0.065,0.065,0.064,0.064,0.064,0.064,0.064,0.064,0.063,0.063,0.063,0.063,0.063,0.063,0.063,0.063,0.062,0.062,0.062,0.063,0.063,0.063,0.063,0.063,0.062,0.062,0.062,0.062,0.062,0.062,0.062,0.062,0.062,0.062,0.062,0.062,0.062,0.062,0.062,0.062,0.062,0.062,0.062,0.062,0.062,0.062,0.062,0.062,0.061,0.061,0.06,0.06,0.061,0.061,0.061,0.06,0.06,0.06,0.059,0.059,0.059,0.058,0.058,0.058,0.057,0.057,0.057,0.057,0.057,0.057,0.056,0.056,0.056,0.056,0.055,0.055,0.056,0.055,0.056,0.056,0.055,0.055,0.055,0.055,0.055,0.055,0.054,0.054,0.054,0.054,0.055,0.054,0.054,0.054,0.054,0.054,0.054,0.054,0.053,0.053,0.053,0.053,0.052,0.052,0.052,0.052,0.052,0.052,0.051
Vceram,0.06,0.06,0.06,0.059,0.059,0.059,0.059,0.058,0.058,0.059,0.059,0.059,0.058,0.058,0.059,0.058,0.058,0.059,0.059,0.059,0.059,0.059,0.058,0.058,0.059,0.059,0.059,0.059,0.059,0.059,0.059,0.059,0.059,0.059,0.059,0.059,0.059,0.059,0.059,0.06,0.06,0.06,0.06,0.06,0.06,0.061,0.06,0.06,0.061,0.06,0.06,0.06,0.06,0.059,0.059,0.059,0.059,0.059,0.059,0.059,0.059,0.058,0.058,0.058,0.058,0.057,0.058,0.058,0.057,0.057,0.057,0.057,0.056,0.056,0.057,0.056,0.056,0.056,0.056,0.056,0.056,0.056,0.056,0.056,0.055,0.055,0.055,0.055,0.055,0.055,0.054,0.054,0.054,0.054,0.054,0.054,0.054,0.053,0.053,0.053,0.053,0.053,0.052,0.052,0.052,0.052,0.051,0.051,0.05,0.049,0.048
Vceram,0.058,0.058,0.058,0.057,0.057,0.057,0.057,0.057,0.057,0.057,0.057,0.057,0.057,0.057,0.057,0.057,0.057,0.057,0.057,0.057,0.057,0.057,0.057,0.057,0.057,0.057,0.057,0.057,0.057,0.057,0.057,0.057,0.057,0.057,0.057,0.057,0.057,0.057,0.057,0.057,0.057,0.057,0.057,0.057,0.057,0.057,0.057,0.057,0.057,0.057,0.057,0.056,0.056,0.056,0.056,0.055,0.055,0.055,0.055,0.055,0.055,0.054,0.054,0.054,0.053,0.053,0.053,0.053,0.053,0.052,0.052,0.052,0.052,0.051,0.051,0.051,0.051,0.051,0.051,0.051,0.05,0.05,0.05,0.05,0.05,0.05,0.049,0.049,0.049,0.049,0.049,0.049,0.048,0.048,0.048,0.048,0.047,0.047,0.047,0.047,0.047,0.046,0.046,0.046,0.046,0.045,0.045,0.044,0.044,0.043,0.043
Vceram,0.054,0.054,0.053,0.053,0.053,0.052,0.052,0.052,0.052,0.052,0.051,0.051,0.051,0.051,0.051,0.051,0.051,0.051,0.05,0.05,0.05,0.051,0.05,0.05,0.05,0.05,0.05,0.05,0.05,0.05,0.05,0.05,0.05,0.05,0.05,0.05,0.05,0.049,0.049,0.05,0.05,0.049,0.05,0.049,0.049,0.05,0.049,0.049,0.049,0.049,0.049,0.048,0.048,0.048,0.048,0.047,0.047,0.047,0.047,0.047,0.046,0.046,0.046,0.046,0.046,0.046,0.045,0.045,0.045,0.045,0.044,0.044,0.044,0.044,0.044,0.044,0.044,0.043,0.043,0.043,0.043,0.043,0.043,0.043,0.043,0.043,0.043,0.043,0.043,0.042,0.042,0.042,0.042,0.042,0.041,0.041,0.042,0.042,0.041,0.041,0.041,0.041,0.041,0.041,0.04,0.04,0.039,0.039,0.039,0.038,0.038
Vceram,0.063,0.063,0.062,0.062,0.061,0.061,0.061,0.061,0.061,0.06,0.061,0.061,0.06,0.06,0.06,0.06,0.06,0.06,0.06,0.06,0.06,0.06,0.06,0.06,0.06,0.06,0.06,0.06,0.059,0.059,0.059,0.06,0.06,0.059,0.059,0.059,0.059,0.059,0.059,0.059,0.059,0.059,0.059,0.059,0.059,0.059,0.059,0.059,0.059,0.058,0.058,0.058,0.057,0.057,0.057,0.057,0.056,0.056,0.056,0.055,0.055,0.055,0.055,0.054,0.054,0.054,0.053,0.053,0.053,0.052,0.052,0.052,0.052,0.052,0.052,0.051,0.052,0.051,0.051,0.05,0.05,0.05,0.05,0.05,0.05,0.049,0.049,0.049,0.048,0.048,0.048,0.048,0.048,0.048,0.048,0.047,0.047,0.047,0.047,0.046,0.046,0.046,0.046,0.046,0.045,0.045,0.044,0.044,0.044,0.043,0.042
Vceram,0.067,0.067,0.067,0.067,0.067,0.068,0.069,0.069,0.07,0.071,0.072,0.072,0.074,0.074,0.075,0.076,0.077,0.078,0.079,0.08,0.081,0.081,0.082,0.083,0.084,0.085,0.086,0.086,0.087,0.088,0.088,0.089,0.089,0.09,0.091,0.092,0.093,0.093,0.094,0.095,0.095,0.095,0.096,0.097,0.097,0.098,0.098,0.099,0.099,0.099,0.099,0.099,0.099,0.099,0.1,0.1,0.1,0.1,0.1,0.1,0.1,0.1,0.1,0.1,0.1,0.1,0.099,0.099,0.1,0.099,0.1,0.1,0.1,0.099,0.099,0.099,0.098,0.099,0.099,0.099,0.099,0.098,0.098,0.097,0.098,0.097,0.097,0.097,0.097,0.096,0.096,0.096,0.095,0.094,0.094,0.093,0.092,0.092,0.092,0.092,0.092,0.091,0.09,0.089,0.088,0.087,0.086,0.085,0.084,0.083,0.081
Vceram,0.053,0.053,0.052,0.052,0.052,0.051,0.051,0.051,0.051,0.051,0.051,0.051,0.051,0.051,0.05,0.05,0.05,0.05,0.05,0.05,0.05,0.05,0.05,0.05,0.05,0.05,0.05,0.05,0.05,0.05,0.05,0.05,0.05,0.05,0.05,0.05,0.05,0.05,0.05,0.05,0.05,0.05,0.05,0.05,0.05,0.05,0.05,0.05,0.05,0.05,0.05,0.049,0.049,0.049,0.049,0.049,0.048,0.048,0.048,0.048,0.048,0.047,0.047,0.047,0.047,0.047,0.047,0.046,0.046,0.046,0.046,0.046,0.046,0.046,0.046,0.045,0.046,0.045,0.045,0.045,0.045,0.045,0.045,0.045,0.045,0.045,0.045,0.044,0.044,0.044,0.044,0.044,0.044,0.044,0.044,0.044,0.044,0.043,0.043,0.043,0.043,0.043,0.043,0.043,0.042,0.042,0.042,0.041,0.041,0.04,0.04
Vceram,0.037,0.036,0.036,0.035,0.035,0.034,0.034,0.034,0.034,0.034,0.033,0.033,0.033,0.033,0.033,0.033,0.032,0.032,0.032,0.032,0.032,0.032,0.032,0.032,0.031,0.031,0.031,0.03,0.031,0.031,0.031,0.03,0.03,0.03,0.03,0.03,0.029,0.029,0.03,0.029,0.029,0.028,0.028,0.028,0.028,0.028,0.028,0.028,0.028,0.028,0.027,0.027,0.026,0.026,0.026,0.026,0.025,0.025,0.024,0.024,0.024,0.024,0.023,0.023,0.023,0.023,0.022,0.022,0.022,0.021,0.021,0.021,0.021,0.021,0.02,0.02,0.02,0.02,0.02,0.02,0.02,0.02,0.019,0.019,0.019,0.019,0.018,0.018,0.018,0.018,0.017,0.017,0.017,0.017,0.017,0.017,0.017,0.016,0.016,0.016,0.016,0.016,0.015,0.015,0.014,0.014,0.014,0.014,0.013,0.013,0.012
Vceram,0.06,0.06,0.059,0.058,0.059,0.058,0.058,0.058,0.058,0.058,0.058,0.058,0.058,0.058,0.058,0.058,0.058,0.058,0.058,0.058,0.058,0.058,0.058,0.058,0.058,0.059,0.059,0.059,0.059,0.059,0.059,0.058,0.058,0.059,0.059,0.059,0.058,0.058,0.059,0.059,0.058,0.059,0.059,0.059,0.059,0.059,0.059,0.059,0.059,0.058,0.058,0.058,0.057,0.057,0.058,0.058,0.057,0.057,0.057,0.056,0.056,0.056,0.056,0.056,0.056,0.056,0.055,0.055,0.055,0.054,0.054,0.054,0.054,0.054,0.053,0.054,0.054,0.053,0.053,0.053,0.053,0.053,0.053,0.053,0.053,0.053,0.052,0.052,0.052,0.052,0.052,0.052,0.052,0.051,0.051,0.051,0.051,0.051,0.051,0.051,0.05,0.049,0.049,0.049,0.049,0.049,0.048,0.047,0.047,0.046,0.046
Vceram,0.055,0.055,0.054,0.054,0.053,0.053,0.053,0.052,0.052,0.052,0.052,0.052,0.052,0.052,0.052,0.052,0.052,0.051,0.052,0.052,0.052,0.052,0.052,0.052,0.052,0.051,0.051,0.051,0.051,0.051,0.051,0.051,0.051,0.051,0.051,0.051,0.051,0.051,0.051,0.051,0.051,0.051,0.051,0.051,0.051,0.051,0.051,0.051,0.051,0.051,0.05,0.05,0.049,0.049,0.05,0.049,0.049,0.048,0.049,0.048,0.048,0.048,0.048,0.048,0.048,0.048,0.047,0.047,0.047,0.046,0.046,0.046,0.046,0.046,0.045,0.045,0.045,0.045,0.045,0.045,0.045,0.045,0.045,0.045,0.044,0.044,0.044,0.044,0.044,0.044,0.044,0.044,0.044,0.044,0.043,0.043,0.043,0.044,0.043,0.043,0.043,0.042,0.042,0.042,0.042,0.042,0.041,0.041,0.041,0.04,0.04
Vceram,0.056,0.055,0.055,0.054,0.054,0.054,0.053,0.053,0.053,0.053,0.053,0.053,0.053,0.053,0.053,0.053,0.053,0.053,0.053,0.053,0.053,0.053,0.053,0.053,0.053,0.053,0.053,0.053,0.053,0.052,0.052,0.053,0.053,0.052,0.052,0.052,0.053,0.052,0.053,0.053,0.052,0.052,0.052,0.053,0.053,0.053,0.053,0.053,0.053,0.053,0.053,0.052,0.052,0.052,0.052,0.052,0.052,0.051,0.051,0.051,0.051,0.051,0.051,0.05,0.051,0.05,0.05,0.05,0.05,0.049,0.049,0.049,0.049,0.049,0.049,0.049,0.049,0.049,0.049,0.049,0.049,0.048,0.048,0.048,0.048,0.048,0.048,0.048,0.048,0.048,0.048,0.048,0.048,0.048,0.048,0.047,0.047,0.047,0.047,0.047,0.047,0.047,0.047,0.047,0.046,0.046,0.046,0.045,0.045,0.045,0.044
Vceram,0.064,0.063,0.062,0.062,0.061,0.061,0.06,0.06,0.06,0.06,0.06,0.06,0.06,0.06,0.06,0.059,0.059,0.059,0.059,0.059,0.059,0.059,0.059,0.059,0.059,0.058,0.058,0.059,0.059,0.059,0.058,0.059,0.059,0.059,0.059,0.059,0.058,0.058,0.059,0.059,0.059,0.059,0.059,0.059,0.058,0.059,0.059,0.059,0.058,0.058,0.058,0.058,0.058,0.058,0.058,0.057,0.057,0.057,0.057,0.057,0.057,0.056,0.056,0.056,0.056,0.055,0.055,0.055,0.055,0.055,0.055,0.054,0.054,0.054,0.054,0.054,0.054,0.054,0.054,0.054,0.054,0.054,0.054,0.053,0.054,0.054,0.053,0.053,0.053,0.053,0.053,0.053,0.053,0.053,0.053,0.053,0.053,0.053,0.053,0.053,0.053,0.052,0.052,0.052,0.052,0.051,0.051,0.051,0.051,0.05,0.05
Vceram,0.057,0.056,0.056,0.056,0.055,0.055,0.055,0.055,0.055,0.055,0.055,0.055,0.055,0.055,0.055,0.055,0.055,0.055,0.055,0.055,0.055,0.055,0.055,0.055,0.056,0.056,0.055,0.056,0.055,0.055,0.055,0.055,0.055,0.055,0.055,0.055,0.056,0.056,0.056,0.056,0.056,0.056,0.056,0.056,0.056,0.056,0.056,0.056,0.056,0.056,0.056,0.056,0.055,0.055,0.055,0.056,0.055,0.055,0.055,0.054,0.054,0.054,0.054,0.054,0.053,0.053,0.053,0.053,0.053,0.052,0.052,0.052,0.051,0.051,0.052,0.051,0.051,0.051,0.051,0.051,0.051,0.051,0.051,0.051,0.05,0.05,0.05,0.05,0.05,0.05,0.05,0.05,0.05,0.05,0.049,0.049,0.049,0.049,0.049,0.049,0.049,0.049,0.049,0.048,0.048,0.048,0.048,0.048,0.047,0.046,0.046
Vceram,0.039,0.039,0.038,0.037,0.037,0.037,0.036,0.036,0.036,0.036,0.035,0.035,0.035,0.035,0.035,0.035,0.035,0.035,0.034,0.034,0.034,0.034,0.034,0.034,0.034,0.033,0.033,0.033,0.033,0.033,0.033,0.033,0.032,0.032,0.032,0.032,0.032,0.032,0.032,0.031,0.031,0.031,0.031,0.031,0.031,0.031,0.031,0.031,0.03,0.03,0.03,0.029,0.029,0.029,0.029,0.029,0.028,0.028,0.028,0.027,0.027,0.027,0.027,0.026,0.026,0.026,0.026,0.026,0.025,0.025,0.025,0.024,0.024,0.024,0.024,0.024,0.024,0.023,0.023,0.023,0.023,0.023,0.023,0.022,0.022,0.022,0.022,0.022,0.022,0.021,0.021,0.021,0.021,0.021,0.021,0.02,0.02,0.02,0.02,0.02,0.02,0.019,0.019,0.019,0.019,0.019,0.018,0.017,0.017,0.018,0.017
Vceram,0.053,0.052,0.052,0.051,0.051,0.051,0.051,0.051,0.05,0.05,0.05,0.05,0.05,0.05,0.05,0.05,0.05,0.05,0.05,0.05,0.05,0.05,0.05,0.05,0.051,0.051,0.051,0.051,0.051,0.051,0.051,0.051,0.051,0.051,0.051,0.051,0.051,0.051,0.051,0.051,0.051,0.051,0.052,0.052,0.052,0.052,0.053,0.052,0.052,0.053,0.052,0.052,0.052,0.052,0.052,0.052,0.052,0.051,0.052,0.051,0.051,0.051,0.051,0.051,0.051,0.051,0.051,0.051,0.05,0.05,0.05,0.05,0.05,0.05,0.05,0.05,0.05,0.05,0.05,0.05,0.05,0.05,0.05,0.05,0.05,0.05,0.051,0.051,0.051,0.05,0.051,0.051,0.051,0.051,0.051,0.051,0.051,0.051,0.051,0.051,0.052,0.051,0.051,0.051,0.051,0.051,0.051,0.051,0.051,0.051,0.051
Vceram,0.055,0.055,0.055,0.055,0.054,0.054,0.054,0.054,0.054,0.054,0.054,0.054,0.054,0.054,0.054,0.054,0.054,0.054,0.054,0.054,0.054,0.054,0.054,0.055,0.054,0.054,0.054,0.055,0.055,0.054,0.054,0.054,0.054,0.055,0.055,0.054,0.054,0.055,0.055,0.055,0.055,0.055,0.055,0.055,0.055,0.056,0.056,0.056,0.056,0.056,0.056,0.056,0.056,0.056,0.056,0.056,0.055,0.055,0.056,0.055,0.055,0.055,0.055,0.055,0.055,0.055,0.055,0.055,0.055,0.055,0.055,0.055,0.055,0.055,0.055,0.056,0.056,0.056,0.056,0.057,0.057,0.057,0.057,0.057,0.058,0.058,0.058,0.058,0.059,0.059,0.06,0.06,0.06,0.06,0.061,0.061,0.061,0.062,0.062,0.063,0.063,0.063,0.064,0.064,0.064,0.063,0.064,0.064,0.064,0.064,0.064
Vceram,0.059,0.058,0.058,0.057,0.057,0.057,0.057,0.057,0.057,0.056,0.057,0.057,0.057,0.057,0.057,0.057,0.057,0.057,0.057,0.057,0.057,0.057,0.057,0.057,0.057,0.057,0.057,0.057,0.057,0.057,0.057,0.057,0.057,0.057,0.057,0.057,0.057,0.057,0.057,0.057,0.057,0.057,0.057,0.057,0.057,0.058,0.058,0.058,0.058,0.058,0.057,0.057,0.057,0.056,0.056,0.056,0.056,0.056,0.056,0.056,0.055,0.055,0.055,0.055,0.055,0.054,0.054,0.054,0.054,0.053,0.053,0.053,0.053,0.053,0.052,0.052,0.052,0.052,0.052,0.052,0.052,0.052,0.052,0.052,0.052,0.051,0.051,0.051,0.051,0.051,0.051,0.051,0.051,0.051,0.05,0.05,0.05,0.05,0.05,0.05,0.05,0.05,0.049,0.049,0.049,0.048,0.048,0.048,0.047,0.047,0.046
Vceram,0.078,0.078,0.078,0.078,0.077,0.077,0.077,0.077,0.077,0.077,0.077,0.078,0.078,0.078,0.078,0.079,0.079,0.08,0.08,0.081,0.081,0.082,0.083,0.083,0.084,0.085,0.085,0.086,0.087,0.087,0.088,0.089,0.09,0.091,0.092,0.093,0.094,0.094,0.095,0.096,0.098,0.098,0.099,0.1,0.101,0.103,0.103,0.104,0.105,0.105,0.106,0.106,0.106,0.107,0.108,0.108,0.108,0.108,0.109,0.109,0.109,0.109,0.109,0.109,0.109,0.108,0.108,0.108,0.108,0.107,0.107,0.106,0.106,0.106,0.106,0.106,0.106,0.106,0.106,0.106,0.106,0.105,0.105,0.105,0.105,0.105,0.105,0.104,0.104,0.104,0.104,0.103,0.103,0.102,0.102,0.102,0.101,0.101,0.101,0.1,0.1,0.1,0.099,0.098,0.097,0.096,0.096,0.096,0.095,0.094,0.093
Vceram,0.069,0.068,0.067,0.066,0.065,0.065,0.064,0.064,0.063,0.063,0.062,0.062,0.062,0.062,0.061,0.061,0.061,0.06,0.06,0.06,0.06,0.06,0.059,0.059,0.059,0.059,0.059,0.058,0.059,0.059,0.059,0.058,0.058,0.058,0.058,0.058,0.058,0.058,0.058,0.058,0.058,0.058,0.057,0.057,0.057,0.057,0.058,0.057,0.057,0.057,0.057,0.056,0.056,0.056,0.056,0.056,0.055,0.055,0.055,0.055,0.055,0.055,0.054,0.054,0.054,0.054,0.053,0.053,0.053,0.053,0.053,0.052,0.052,0.052,0.052,0.052,0.052,0.052,0.052,0.052,0.052,0.052,0.052,0.051,0.051,0.051,0.051,0.051,0.051,0.051,0.051,0.051,0.05,0.05,0.05,0.05,0.05,0.05,0.05,0.05,0.05,0.05,0.049,0.049,0.049,0.049,0.048,0.048,0.047,0.047,0.047
Vceram,0.057,0.057,0.056,0.055,0.055,0.055,0.055,0.055,0.055,0.055,0.055,0.055,0.054,0.054,0.055,0.054,0.054,0.055,0.054,0.054,0.054,0.055,0.055,0.055,0.055,0.054,0.055,0.055,0.054,0.054,0.054,0.054,0.054,0.054,0.054,0.054,0.054,0.054,0.054,0.054,0.054,0.054,0.054,0.054,0.054,0.055,0.055,0.055,0.054,0.054,0.054,0.054,0.053,0.053,0.053,0.054,0.053,0.053,0.053,0.052,0.052,0.052,0.052,0.051,0.051,0.051,0.051,0.051,0.05,0.05,0.05,0.05,0.05,0.05,0.05,0.049,0.049,0.049,0.049,0.049,0.049,0.049,0.049,0.048,0.048,0.048,0.048,0.048,0.048,0.048,0.048,0.048,0.047,0.047,0.047,0.046,0.046,0.047,0.046,0.046,0.046,0.046,0.046,0.046,0.045,0.045,0.045,0.045,0.044,0.044,0.043
Vceram,0.055,0.055,0.054,0.053,0.053,0.053,0.052,0.052,0.052,0.052,0.052,0.052,0.052,0.052,0.052,0.052,0.051,0.051,0.051,0.051,0.051,0.051,0.051,0.051,0.051,0.051,0.051,0.051,0.051,0.051,0.051,0.051,0.05,0.051,0.051,0.051,0.051,0.051,0.05,0.05,0.05,0.05,0.051,0.051,0.051,0.051,0.051,0.051,0.051,0.05,0.05,0.05,0.05,0.049,0.05,0.049,0.049,0.049,0.049,0.049,0.048,0.048,0.048,0.048,0.048,0.048,0.048,0.048,0.047,0.046,0.046,0.046,0.046,0.046,0.046,0.046,0.046,0.046,0.046,0.046,0.046,0.045,0.045,0.046,0.045,0.045,0.045,0.045,0.045,0.045,0.045,0.045,0.045,0.045,0.045,0.044,0.044,0.044,0.045,0.044,0.044,0.044,0.044,0.044,0.044,0.044,0.043,0.043,0.042,0.042,0.042
Vceram,0.058,0.057,0.057,0.056,0.056,0.055,0.055,0.055,0.054,0.054,0.054,0.054,0.054,0.054,0.054,0.054,0.054,0.054,0.054,0.054,0.054,0.054,0.054,0.054,0.054,0.054,0.054,0.054,0.054,0.054,0.054,0.054,0.054,0.054,0.054,0.054,0.054,0.054,0.054,0.054,0.054,0.054,0.054,0.055,0.054,0.054,0.055,0.055,0.055,0.055,0.054,0.054,0.054,0.054,0.053,0.054,0.053,0.054,0.053,0.053,0.053,0.053,0.053,0.053,0.052,0.052,0.052,0.052,0.052,0.052,0.052,0.052,0.051,0.051,0.051,0.051,0.051,0.051,0.051,0.051,0.051,0.051,0.051,0.051,0.051,0.051,0.051,0.051,0.051,0.051,0.051,0.051,0.051,0.051,0.051,0.051,0.051,0.051,0.051,0.05,0.05,0.05,0.05,0.05,0.05,0.049,0.049,0.049,0.049,0.048,0.048
Vtrasp,0.04,0.04,0.04,0.04,0.04,0.04,0.039,0.039,0.04,0.039,0.039,0.04,0.04,0.04,0.04,0.04,0.04,0.04,0.04,0.04,0.04,0.04,0.04,0.04,0.04,0.04,0.04,0.04,0.041,0.041,0.041,0.041,0.041,0.042,0.042,0.042,0.042,0.042,0.042,0.042,0.043,0.043,0.043,0.043,0.044,0.044,0.044,0.044,0.044,0.044,0.044,0.044,0.044,0.045,0.045,0.045,0.045,0.045,0.046,0.046,0.046,0.046,0.045,0.046,0.046,0.046,0.047,0.047,0.047,0.047,0.047,0.048,0.047,0.047,0.048,0.048,0.048,0.049,0.048,0.049,0.049,0.049,0.049,0.049,0.049,0.049,0.049,0.049,0.05,0.05,0.05,0.05,0.05,0.05,0.05,0.05,0.05,0.05,0.05,0.05,0.05,0.05,0.05,0.05,0.05,0.049,0.049,0.049,0.048,0.048,0.048
Vtrasp,0.043,0.042,0.042,0.043,0.043,0.043,0.043,0.043,0.043,0.043,0.043,0.043,0.043,0.043,0.043,0.043,0.043,0.044,0.044,0.044,0.044,0.044,0.044,0.045,0.045,0.045,0.045,0.045,0.046,0.046,0.046,0.046,0.046,0.047,0.047,0.047,0.048,0.048,0.048,0.049,0.049,0.049,0.049,0.05,0.05,0.05,0.05,0.051,0.051,0.051,0.051,0.051,0.051,0.052,0.052,0.052,0.052,0.053,0.053,0.053,0.052,0.053,0.053,0.053,0.054,0.054,0.054,0.054,0.054,0.055,0.055,0.055,0.056,0.056,0.056,0.056,0.057,0.057,0.057,0.057,0.057,0.057,0.057,0.058,0.057,0.057,0.057,0.058,0.058,0.058,0.058,0.058,0.059,0.058,0.058,0.059,0.059,0.058,0.059,0.058,0.058,0.058,0.058,0.058,0.058,0.057,0.057,0.057,0.057,0.056,0.056
Vtrasp,0.068,0.068,0.068,0.069,0.069,0.069,0.069,0.069,0.069,0.069,0.069,0.069,0.069,0.069,0.069,0.069,0.069,0.069,0.069,0.069,0.069,0.069,0.069,0.069,0.068,0.068,0.068,0.068,0.068,0.068,0.068,0.068,0.068,0.067,0.067,0.067,0.067,0.067,0.067,0.067,0.067,0.067,0.067,0.067,0.067,0.067,0.067,0.067,0.067,0.067,0.067,0.067,0.067,0.067,0.067,0.067,0.067,0.067,0.067,0.067,0.067,0.067,0.067,0.067,0.067,0.068,0.068,0.069,0.068,0.069,0.07,0.07,0.07,0.07,0.071,0.071,0.071,0.072,0.072,0.072,0.072,0.073,0.073,0.073,0.074,0.074,0.074,0.074,0.074,0.075,0.076,0.077,0.077,0.077,0.077,0.078,0.078,0.078,0.078,0.078,0.078,0.078,0.078,0.078,0.078,0.078,0.078,0.078,0.078,0.078,0.077
Vtrasp,0.088,0.089,0.089,0.09,0.09,0.09,0.091,0.091,0.092,0.092,0.092,0.093,0.093,0.094,0.094,0.094,0.094,0.095,0.096,0.096,0.097,0.098,0.098,0.099,0.1,0.101,0.101,0.102,0.103,0.104,0.104,0.106,0.106,0.107,0.108,0.11,0.11,0.111,0.112,0.114,0.115,0.116,0.117,0.118,0.119,0.12,0.121,0.122,0.124,0.124,0.125,0.126,0.126,0.128,0.129,0.13,0.131,0.131,0.133,0.133,0.134,0.134,0.135,0.136,0.137,0.137,0.138,0.139,0.14,0.141,0.141,0.142,0.143,0.144,0.144,0.145,0.146,0.146,0.146,0.147,0.147,0.148,0.148,0.148,0.149,0.149,0.15,0.15,0.151,0.151,0.151,0.151,0.152,0.152,0.152,0.152,0.152,0.152,0.152,0.151,0.151,0.151,0.15,0.15,0.15,0.149,0.149,0.148,0.148,0.147,0.146
Vtrasp,0.083,0.083,0.084,0.084,0.085,0.085,0.086,0.086,0.087,0.088,0.088,0.089,0.09,0.09,0.091,0.091,0.092,0.093,0.093,0.094,0.095,0.096,0.096,0.096,0.097,0.098,0.099,0.099,0.1,0.101,0.101,0.102,0.102,0.103,0.104,0.104,0.105,0.105,0.106,0.106,0.107,0.107,0.108,0.108,0.109,0.109,0.109,0.11,0.11,0.11,0.11,0.111,0.111,0.111,0.112,0.112,0.112,0.112,0.112,0.112,0.112,0.112,0.112,0.112,0.112,0.112,0.113,0.112,0.112,0.113,0.113,0.113,0.113,0.114,0.113,0.113,0.113,0.113,0.113,0.113,0.112,0.112,0.111,0.111,0.111,0.111,0.11,0.11,0.11,0.11,0.11,0.109,0.109,0.109,0.108,0.107,0.106,0.105,0.105,0.104,0.104,0.103,0.101,0.1,0.1,0.099,0.098,0.097,0.095,0.094,0.093
Vtrasp,0.112,0.113,0.114,0.115,0.117,0.118,0.12,0.121,0.123,0.124,0.125,0.126,0.128,0.129,0.13,0.132,0.132,0.134,0.135,0.137,0.138,0.139,0.14,0.141,0.143,0.143,0.145,0.146,0.147,0.148,0.149,0.15,0.15,0.151,0.152,0.152,0.152,0.153,0.154,0.155,0.155,0.156,0.157,0.157,0.158,0.158,0.158,0.158,0.159,0.159,0.159,0.159,0.159,0.159,0.16,0.16,0.159,0.159,0.159,0.159,0.159,0.159,0.159,0.159,0.159,0.159,0.159,0.159,0.159,0.159,0.159,0.158,0.158,0.159,0.159,0.159,0.158,0.158,0.158,0.157,0.156,0.156,0.156,0.155,0.155,0.155,0.155,0.154,0.154,0.153,0.153,0.152,0.152,0.151,0.15,0.15,0.149,0.148,0.146,0.146,0.145,0.144,0.142,0.141,0.14,0.138,0.136,0.135,0.133,0.131,0.129
Vtrasp,0.117,0.117,0.119,0.121,0.123,0.124,0.126,0.127,0.129,0.131,0.133,0.135,0.138,0.14,0.142,0.144,0.146,0.148,0.15,0.153,0.155,0.158,0.16,0.162,0.165,0.167,0.17,0.172,0.176,0.178,0.18,0.184,0.186,0.189,0.191,0.195,0.198,0.2,0.204,0.207,0.211,0.213,0.216,0.22,0.222,0.226,0.229,0.231,0.235,0.237,0.241,0.244,0.246,0.251,0.254,0.257,0.259,0.262,0.265,0.267,0.269,0.273,0.275,0.279,0.281,0.284,0.287,0.29,0.293,0.296,0.299,0.302,0.305,0.308,0.311,0.313,0.315,0.317,0.32,0.322,0.325,0.327,0.329,0.331,0.332,0.334,0.336,0.337,0.337,0.34,0.341,0.343,0.345,0.346,0.346,0.347,0.347,0.348,0.348,0.348,0.347,0.346,0.346,0.346,0.345,0.344,0.343,0.341,0.339,0.338,0.336
Vtrasp,0.118,0.116,0.114,0.113,0.112,0.111,0.109,0.108,0.107,0.106,0.104,0.103,0.102,0.101,0.1,0.099,0.098,0.097,0.096,0.095,0.094,0.093,0.092,0.092,0.09,0.089,0.088,0.088,0.087,0.086,0.085,0.084,0.084,0.083,0.082,0.082,0.081,0.081,0.08,0.08,0.079,0.079,0.078,0.077,0.077,0.076,0.076,0.076,0.075,0.075,0.074,0.073,0.073,0.072,0.072,0.072,0.071,0.071,0.07,0.07,0.07,0.069,0.069,0.068,0.068,0.068,0.068,0.068,0.068,0.067,0.067,0.067,0.067,0.067,0.067,0.067,0.067,0.066,0.066,0.066,0.066,0.066,0.066,0.066,0.066,0.066,0.066,0.066,0.066,0.066,0.066,0.066,0.066,0.067,0.066,0.066,0.066,0.066,0.066,0.066,0.066,0.066,0.067,0.067,0.066,0.066,0.066,0.066,0.066,0.067,0.066
Vtrasp,0.061,0.06,0.06,0.06,0.059,0.059,0.059,0.059,0.058,0.058,0.057,0.057,0.057,0.057,0.057,0.057,0.057,0.057,0.057,0.057,0.057,0.057,0.056,0.057,0.057,0.057,0.057,0.056,0.056,0.056,0.056,0.057,0.057,0.057,0.057,0.057,0.057,0.057,0.057,0.057,0.057,0.057,0.057,0.057,0.057,0.058,0.058,0.057,0.057,0.058,0.057,0.057,0.057,0.057,0.057,0.057,0.057,0.057,0.057,0.057,0.057,0.057,0.057,0.057,0.057,0.057,0.057,0.057,0.057,0.057,0.057,0.057,0.057,0.057,0.058,0.058,0.058,0.058,0.058,0.058,0.058,0.058,0.058,0.058,0.058,0.058,0.058,0.058,0.058,0.058,0.058,0.058,0.058,0.058,0.058,0.058,0.058,0.058,0.058,0.058,0.058,0.058,0.057,0.057,0.057,0.056,0.057,0.056,0.056,0.055,0.055
Vtrasp,0.066,0.066,0.066,0.066,0.066,0.066,0.066,0.065,0.065,0.065,0.065,0.065,0.065,0.065,0.065,0.065,0.064,0.064,0.064,0.064,0.064,0.064,0.064,0.064,0.064,0.064,0.064,0.064,0.064,0.064,0.064,0.064,0.064,0.064,0.064,0.064,0.064,0.064,0.064,0.064,0.064,0.064,0.064,0.064,0.064,0.064,0.064,0.064,0.064,0.064,0.064,0.064,0.063,0.063,0.063,0.063,0.063,0.063,0.063,0.063,0.063,0.062,0.062,0.062,0.062,0.062,0.062,0.062,0.062,0.062,0.062,0.062,0.061,0.061,0.061,0.061,0.061,0.062,0.061,0.061,0.061,0.061,0.061,0.061,0.061,0.061,0.06,0.06,0.06,0.06,0.06,0.06,0.059,0.059,0.059,0.06,0.059,0.059,0.059,0.058,0.058,0.058,0.058,0.058,0.058,0.057,0.057,0.056,0.055,0.055,0.054
Vtrasp,0.079,0.078,0.078,0.077,0.077,0.076,0.076,0.075,0.075,0.074,0.074,0.074,0.074,0.074,0.074,0.073,0.073,0.073,0.073,0.073,0.073,0.072,0.072,0.072,0.073,0.072,0.072,0.073,0.073,0.073,0.073,0.073,0.073,0.074,0.073,0.073,0.073,0.074,0.074,0.074,0.074,0.075,0.075,0.075,0.075,0.075,0.076,0.076,0.076,0.076,0.076,0.076,0.076,0.077,0.077,0.077,0.077,0.077,0.077,0.077,0.077,0.077,0.077,0.077,0.078,0.078,0.078,0.078,0.078,0.079,0.079,0.079,0.08,0.08,0.08,0.08,0.08,0.08,0.08,0.081,0.081,0.081,0.081,0.081,0.081,0.081,0.081,0.081,0.081,0.081,0.082,0.081,0.081,0.081,0.081,0.081,0.081,0.081,0.08,0.08,0.08,0.08,0.08,0.079,0.079,0.078,0.078,0.078,0.077,0.077,0.076
Vtrasp,0.054,0.054,0.053,0.053,0.054,0.053,0.053,0.053,0.053,0.053,0.052,0.053,0.053,0.053,0.052,0.052,0.052,0.052,0.052,0.052,0.052,0.052,0.052,0.052,0.052,0.052,0.052,0.052,0.051,0.052,0.052,0.052,0.051,0.051,0.051,0.051,0.051,0.051,0.052,0.052,0.052,0.051,0.051,0.051,0.051,0.051,0.052,0.052,0.051,0.052,0.051,0.051,0.051,0.051,0.051,0.051,0.051,0.051,0.051,0.051,0.051,0.051,0.051,0.051,0.051,0.051,0.051,0.051,0.051,0.052,0.052,0.052,0.052,0.052,0.052,0.052,0.052,0.052,0.053,0.053,0.054,0.053,0.053,0.053,0.053,0.053,0.054,0.053,0.054,0.054,0.054,0.055,0.055,0.055,0.055,0.055,0.055,0.055,0.055,0.056,0.055,0.055,0.055,0.055,0.056,0.056,0.056,0.055,0.055,0.055,0.055
Vtrasp,0.053,0.052,0.052,0.052,0.052,0.052,0.052,0.052,0.052,0.052,0.052,0.052,0.052,0.052,0.052,0.052,0.052,0.052,0.052,0.052,0.053,0.053,0.053,0.053,0.053,0.053,0.053,0.053,0.053,0.053,0.053,0.054,0.053,0.054,0.054,0.054,0.054,0.054,0.054,0.054,0.054,0.055,0.055,0.055,0.055,0.055,0.055,0.055,0.055,0.055,0.055,0.055,0.054,0.055,0.055,0.055,0.055,0.055,0.055,0.055,0.055,0.055,0.055,0.055,0.055,0.055,0.055,0.055,0.055,0.056,0.056,0.055,0.056,0.056,0.056,0.056,0.056,0.056,0.056,0.056,0.056,0.056,0.056,0.057,0.057,0.057,0.057,0.057,0.057,0.057,0.057,0.058,0.057,0.058,0.058,0.058,0.058,0.057,0.057,0.057,0.057,0.057,0.057,0.056,0.056,0.055,0.055,0.055,0.055,0.055,0.054
Vtrasp,0.06,0.059,0.059,0.059,0.059,0.059,0.058,0.059,0.059,0.058,0.058,0.058,0.058,0.058,0.058,0.058,0.058,0.058,0.058,0.058,0.057,0.057,0.057,0.057,0.057,0.058,0.058,0.058,0.058,0.058,0.058,0.058,0.058,0.058,0.058,0.058,0.058,0.058,0.058,0.058,0.059,0.059,0.059,0.059,0.059,0.06,0.06,0.06,0.061,0.06,0.06,0.061,0.061,0.062,0.062,0.062,0.062,0.063,0.063,0.063,0.064,0.064,0.065,0.066,0.066,0.067,0.068,0.069,0.069,0.071,0.071,0.072,0.074,0.075,0.076,0.077,0.078,0.079,0.08,0.081,0.082,0.083,0.084,0.086,0.087,0.088,0.09,0.091,0.092,0.094,0.095,0.097,0.099,0.101,0.102,0.103,0.104,0.105,0.108,0.11,0.111,0.112,0.113,0.115,0.116,0.119,0.12,0.121,0.123,0.125,0.127
Vtrasp,0.053,0.053,0.053,0.053,0.053,0.053,0.053,0.052,0.052,0.052,0.052,0.052,0.052,0.052,0.052,0.052,0.051,0.052,0.052,0.051,0.051,0.051,0.051,0.052,0.051,0.051,0.052,0.051,0.051,0.052,0.052,0.052,0.051,0.051,0.051,0.052,0.052,0.052,0.052,0.052,0.052,0.052,0.052,0.052,0.053,0.053,0.053,0.053,0.053,0.053,0.053,0.053,0.053,0.053,0.053,0.053,0.053,0.053,0.053,0.053,0.053,0.053,0.053,0.053,0.053,0.054,0.054,0.054,0.054,0.054,0.054,0.054,0.055,0.055,0.055,0.055,0.055,0.056,0.056,0.056,0.056,0.056,0.057,0.057,0.057,0.057,0.057,0.057,0.057,0.057,0.058,0.058,0.058,0.059,0.059,0.059,0.059,0.059,0.059,0.059,0.059,0.06,0.06,0.06,0.06,0.06,0.06,0.06,0.06,0.06,0.061
Vtrasp,0.056,0.056,0.056,0.055,0.055,0.055,0.054,0.054,0.054,0.054,0.053,0.053,0.053,0.053,0.053,0.052,0.052,0.052,0.052,0.052,0.052,0.051,0.051,0.052,0.052,0.052,0.051,0.052,0.052,0.051,0.051,0.051,0.051,0.051,0.051,0.051,0.051,0.052,0.051,0.051,0.051,0.051,0.051,0.051,0.051,0.052,0.052,0.052,0.051,0.052,0.051,0.051,0.051,0.051,0.051,0.052,0.051,0.051,0.051,0.051,0.051,0.051,0.051,0.051,0.052,0.052,0.052,0.052,0.052,0.052,0.052,0.052,0.052,0.052,0.053,0.052,0.053,0.053,0.053,0.053,0.053,0.053,0.053,0.054,0.054,0.054,0.054,0.054,0.054,0.054,0.054,0.054,0.054,0.054,0.055,0.055,0.055,0.055,0.054,0.054,0.054,0.054,0.054,0.054,0.054,0.053,0.053,0.053,0.053,0.052,0.052
Vtrasp,0.049,0.049,0.048,0.048,0.049,0.048,0.048,0.049,0.048,0.048,0.048,0.048,0.048,0.048,0.048,0.048,0.048,0.048,0.049,0.048,0.048,0.049,0.049,0.049,0.049,0.049,0.049,0.049,0.049,0.049,0.049,0.049,0.049,0.049,0.05,0.05,0.05,0.05,0.05,0.05,0.05,0.05,0.05,0.05,0.05,0.051,0.051,0.051,0.051,0.051,0.051,0.051,0.051,0.051,0.051,0.051,0.051,0.051,0.051,0.051,0.051,0.051,0.051,0.051,0.051,0.051,0.052,0.052,0.052,0.052,0.052,0.052,0.052,0.052,0.052,0.052,0.052,0.052,0.052,0.052,0.052,0.052,0.052,0.052,0.052,0.052,0.052,0.052,0.052,0.052,0.052,0.052,0.052,0.052,0.052,0.052,0.052,0.052,0.052,0.051,0.051,0.051,0.051,0.05,0.05,0.05,0.049,0.049,0.048,0.048,0.047
Vtrasp,0.035,0.035,0.035,0.035,0.035,0.034,0.034,0.034,0.034,0.034,0.034,0.034,0.034,0.034,0.033,0.033,0.033,0.033,0.033,0.033,0.033,0.032,0.032,0.032,0.032,0.032,0.032,0.032,0.032,0.032,0.032,0.032,0.032,0.032,0.032,0.033,0.032,0.033,0.032,0.032,0.033,0.033,0.033,0.033,0.033,0.033,0.033,0.033,0.034,0.034,0.034,0.034,0.034,0.035,0.035,0.035,0.035,0.035,0.035,0.036,0.036,0.036,0.036,0.037,0.037,0.037,0.038,0.038,0.039,0.039,0.04,0.04,0.041,0.041,0.042,0.042,0.043,0.043,0.044,0.044,0.045,0.046,0.046,0.046,0.047,0.047,0.048,0.049,0.049,0.05,0.051,0.052,0.053,0.053,0.054,0.055,0.055,0.055,0.057,0.058,0.058,0.058,0.059,0.059,0.06,0.06,0.061,0.062,0.063,0.063,0.063
Vtrasp,0.042,0.042,0.042,0.042,0.042,0.042,0.042,0.042,0.041,0.042,0.042,0.042,0.042,0.042,0.042,0.042,0.042,0.042,0.042,0.042,0.042,0.042,0.042,0.042,0.042,0.043,0.043,0.043,0.043,0.043,0.043,0.043,0.043,0.044,0.044,0.044,0.044,0.044,0.044,0.044,0.044,0.044,0.044,0.045,0.045,0.045,0.046,0.046,0.046,0.046,0.046,0.046,0.046,0.046,0.046,0.046,0.046,0.046,0.046,0.046,0.046,0.046,0.046,0.047,0.047,0.047,0.047,0.047,0.047,0.047,0.048,0.048,0.048,0.048,0.049,0.049,0.049,0.049,0.049,0.049,0.05,0.05,0.05,0.05,0.051,0.051,0.051,0.051,0.051,0.051,0.051,0.051,0.051,0.052,0.052,0.051,0.051,0.052,0.052,0.051,0.051,0.051,0.051,0.051,0.051,0.051,0.051,0.051,0.051,0.05,0.05
Vtrasp,0.042,0.042,0.041,0.041,0.041,0.041,0.041,0.041,0.041,0.041,0.041,0.041,0.041,0.041,0.041,0.04,0.04,0.04,0.04,0.04,0.04,0.04,0.04,0.04,0.04,0.04,0.04,0.04,0.04,0.04,0.04,0.04,0.04,0.04,0.04,0.04,0.04,0.04,0.04,0.04,0.04,0.04,0.041,0.041,0.04,0.041,0.041,0.041,0.041,0.041,0.041,0.041,0.041,0.041,0.041,0.041,0.042,0.041,0.041,0.041,0.041,0.042,0.041,0.042,0.042,0.042,0.042,0.042,0.042,0.043,0.043,0.043,0.043,0.043,0.044,0.044,0.044,0.044,0.044,0.045,0.045,0.045,0.045,0.045,0.046,0.046,0.046,0.046,0.046,0.047,0.046,0.047,0.047,0.047,0.047,0.047,0.047,0.047,0.047,0.047,0.047,0.047,0.047,0.047,0.047,0.046,0.046,0.046,0.045,0.046,0.046
Vtrasp,0.042,0.042,0.042,0.042,0.042,0.042,0.042,0.042,0.042,0.042,0.042,0.042,0.042,0.042,0.042,0.042,0.042,0.042,0.042,0.042,0.042,0.042,0.042,0.042,0.042,0.042,0.042,0.042,0.042,0.042,0.042,0.042,0.042,0.042,0.042,0.043,0.043,0.043,0.043,0.043,0.043,0.043,0.044,0.044,0.044,0.044,0.044,0.044,0.044,0.044,0.044,0.044,0.044,0.044,0.044,0.044,0.044,0.044,0.045,0.045,0.045,0.045,0.045,0.045,0.045,0.046,0.046,0.046,0.046,0.046,0.047,0.047,0.047,0.047,0.047,0.047,0.047,0.047,0.047,0.047,0.047,0.048,0.048,0.049,0.049,0.049,0.049,0.049,0.049,0.049,0.049,0.05,0.05,0.05,0.05,0.05,0.05,0.05,0.049,0.049,0.05,0.049,0.049,0.049,0.049,0.049,0.048,0.048,0.048,0.048,0.048
Vtrasp,0.071,0.07,0.069,0.069,0.068,0.068,0.067,0.066,0.065,0.064,0.063,0.063,0.062,0.061,0.061,0.06,0.059,0.058,0.058,0.057,0.056,0.056,0.056,0.055,0.055,0.054,0.053,0.053,0.053,0.052,0.052,0.051,0.051,0.051,0.051,0.051,0.05,0.05,0.05,0.05,0.05,0.05,0.05,0.05,0.05,0.05,0.05,0.05,0.049,0.05,0.05,0.049,0.049,0.049,0.05,0.05,0.05,0.05,0.05,0.05,0.05,0.05,0.05,0.05,0.05,0.051,0.051,0.051,0.051,0.051,0.051,0.052,0.052,0.052,0.052,0.052,0.052,0.053,0.053,0.053,0.053,0.053,0.053,0.054,0.054,0.054,0.054,0.054,0.054,0.055,0.055,0.055,0.055,0.055,0.055,0.055,0.055,0.054,0.055,0.055,0.055,0.055,0.055,0.055,0.054,0.054,0.054,0.053,0.053,0.053,0.053
Vtrasp,0.043,0.043,0.043,0.043,0.043,0.043,0.043,0.042,0.042,0.043,0.043,0.042,0.042,0.042,0.042,0.042,0.042,0.042,0.042,0.042,0.042,0.042,0.042,0.041,0.042,0.042,0.042,0.042,0.042,0.042,0.042,0.041,0.042,0.042,0.042,0.041,0.042,0.042,0.042,0.042,0.042,0.042,0.042,0.043,0.042,0.042,0.042,0.043,0.043,0.043,0.042,0.043,0.042,0.042,0.042,0.042,0.043,0.043,0.043,0.043,0.043,0.043,0.043,0.043,0.043,0.044,0.044,0.044,0.044,0.044,0.044,0.044,0.045,0.045,0.045,0.045,0.045,0.045,0.046,0.046,0.046,0.046,0.046,0.047,0.047,0.047,0.047,0.047,0.047,0.047,0.047,0.047,0.048,0.048,0.048,0.048,0.048,0.048,0.048,0.048,0.048,0.048,0.048,0.048,0.048,0.048,0.047,0.047,0.047,0.046,0.046
Vtrasp,0.047,0.047,0.047,0.047,0.047,0.047,0.047,0.047,0.047,0.047,0.047,0.047,0.047,0.047,0.047,0.047,0.047,0.047,0.047,0.047,0.047,0.047,0.047,0.047,0.047,0.047,0.047,0.047,0.047,0.048,0.048,0.048,0.048,0.048,0.048,0.048,0.048,0.048,0.048,0.049,0.048,0.048,0.048,0.048,0.048,0.049,0.049,0.049,0.049,0.049,0.049,0.049,0.049,0.049,0.049,0.049,0.049,0.05,0.05,0.05,0.05,0.05,0.05,0.05,0.05,0.05,0.05,0.05,0.05,0.05,0.051,0.051,0.051,0.051,0.051,0.051,0.052,0.052,0.052,0.052,0.052,0.052,0.052,0.053,0.053,0.053,0.053,0.053,0.053,0.053,0.054,0.054,0.054,0.054,0.054,0.054,0.054,0.054,0.054,0.054,0.054,0.054,0.054,0.054,0.054,0.054,0.054,0.053,0.053,0.053,0.053
Vtrasp,0.046,0.046,0.046,0.046,0.046,0.046,0.046,0.046,0.046,0.046,0.046,0.046,0.047,0.047,0.047,0.046,0.046,0.046,0.047,0.047,0.047,0.047,0.047,0.047,0.047,0.047,0.047,0.047,0.047,0.047,0.047,0.047,0.047,0.047,0.047,0.047,0.048,0.048,0.048,0.048,0.048,0.048,0.048,0.048,0.048,0.048,0.048,0.048,0.049,0.049,0.049,0.048,0.048,0.048,0.049,0.049,0.049,0.049,0.049,0.049,0.049,0.049,0.049,0.049,0.049,0.049,0.049,0.049,0.049,0.049,0.049,0.049,0.049,0.049,0.05,0.05,0.05,0.05,0.049,0.05,0.05,0.05,0.05,0.05,0.05,0.05,0.05,0.05,0.05,0.05,0.05,0.05,0.05,0.05,0.05,0.05,0.05,0.05,0.05,0.05,0.05,0.049,0.049,0.049,0.049,0.048,0.047,0.047,0.047,0.046,0.046
Vtrasp,0.043,0.043,0.043,0.043,0.043,0.043,0.043,0.043,0.043,0.043,0.043,0.043,0.042,0.042,0.042,0.042,0.042,0.042,0.042,0.043,0.043,0.043,0.043,0.043,0.043,0.043,0.043,0.043,0.043,0.042,0.042,0.043,0.043,0.043,0.043,0.043,0.043,0.043,0.043,0.043,0.043,0.043,0.044,0.044,0.044,0.044,0.045,0.045,0.045,0.045,0.045,0.045,0.045,0.045,0.045,0.046,0.046,0.046,0.046,0.046,0.046,0.046,0.046,0.047,0.047,0.047,0.047,0.048,0.048,0.048,0.048,0.049,0.049,0.05,0.05,0.05,0.05,0.051,0.051,0.051,0.052,0.052,0.052,0.053,0.054,0.054,0.054,0.055,0.055,0.056,0.056,0.056,0.057,0.057,0.058,0.058,0.058,0.059,0.059,0.059,0.059,0.06,0.06,0.06,0.06,0.061,0.06,0.06,0.061,0.061,0.06
Vtrasp,0.061,0.061,0.062,0.062,0.062,0.062,0.063,0.063,0.064,0.064,0.065,0.065,0.065,0.065,0.066,0.066,0.066,0.066,0.067,0.067,0.067,0.068,0.068,0.068,0.069,0.069,0.069,0.07,0.07,0.07,0.07,0.071,0.071,0.072,0.072,0.072,0.072,0.072,0.072,0.073,0.073,0.073,0.074,0.074,0.075,0.075,0.075,0.075,0.076,0.076,0.076,0.076,0.076,0.076,0.077,0.077,0.077,0.077,0.077,0.077,0.078,0.078,0.078,0.078,0.079,0.079,0.079,0.079,0.08,0.08,0.08,0.08,0.081,0.081,0.081,0.081,0.081,0.082,0.082,0.082,0.082,0.082,0.082,0.083,0.083,0.083,0.083,0.084,0.084,0.084,0.084,0.084,0.084,0.084,0.084,0.084,0.084,0.084,0.084,0.084,0.084,0.084,0.083,0.083,0.083,0.083,0.082,0.082,0.081,0.08,0.08
Vtrasp,0.05,0.05,0.05,0.05,0.05,0.05,0.05,0.05,0.05,0.05,0.05,0.05,0.049,0.049,0.049,0.049,0.049,0.049,0.049,0.049,0.049,0.049,0.049,0.049,0.049,0.049,0.05,0.05,0.049,0.05,0.049,0.049,0.05,0.05,0.05,0.05,0.05,0.05,0.05,0.05,0.05,0.051,0.051,0.051,0.051,0.051,0.052,0.052,0.052,0.052,0.052,0.052,0.052,0.052,0.052,0.053,0.053,0.053,0.053,0.053,0.053,0.053,0.053,0.054,0.054,0.054,0.055,0.055,0.055,0.055,0.056,0.056,0.056,0.056,0.057,0.057,0.057,0.058,0.058,0.058,0.059,0.059,0.059,0.059,0.06,0.06,0.06,0.06,0.061,0.061,0.061,0.062,0.062,0.062,0.062,0.063,0.064,0.064,0.064,0.064,0.064,0.064,0.064,0.064,0.064,0.064,0.064,0.064,0.065,0.065,0.065
Vtrasp,0.061,0.061,0.061,0.061,0.061,0.061,0.061,0.061,0.061,0.061,0.061,0.061,0.061,0.061,0.061,0.061,0.061,0.061,0.061,0.062,0.062,0.062,0.062,0.062,0.062,0.062,0.062,0.062,0.062,0.062,0.062,0.063,0.063,0.063,0.063,0.063,0.063,0.063,0.063,0.064,0.064,0.064,0.064,0.064,0.064,0.065,0.065,0.065,0.065,0.066,0.065,0.065,0.065,0.065,0.065,0.066,0.065,0.066,0.066,0.066,0.066,0.067,0.067,0.067,0.067,0.067,0.067,0.068,0.068,0.068,0.069,0.069,0.069,0.069,0.069,0.069,0.07,0.069,0.07,0.07,0.07,0.07,0.07,0.07,0.07,0.07,0.07,0.071,0.071,0.071,0.071,0.071,0.071,0.072,0.072,0.072,0.072,0.071,0.071,0.071,0.071,0.071,0.071,0.071,0.071,0.07,0.07,0.07,0.069,0.069,0.069
Vscuro,0.018,0.018,0.017,0.017,0.017,0.017,0.017,0.017,0.017,0.017,0.016,0.016,0.016,0.016,0.016,0.016,0.016,0.016,0.016,0.015,0.016,0.015,0.015,0.015,0.015,0.015,0.015,0.014,0.014,0.014,0.014,0.014,0.014,0.014,0.014,0.014,0.013,0.013,0.013,0.013,0.013,0.012,0.013,0.012,0.012,0.012,0.012,0.012,0.012,0.011,0.011,0.011,0.01,0.01,0.01,0.01,0.01,0.009,0.009,0.009,0.009,0.009,0.008,0.008,0.008,0.008,0.008,0.008,0.008,0.007,0.008,0.008,0.007,0.007,0.007,0.007,0.007,0.007,0.007,0.007,0.007,0.007,0.007,0.007,0.007,0.007,0.007,0.007,0.007,0.007,0.007,0.007,0.008,0.008,0.008,0.008,0.008,0.008,0.008,0.008,0.008,0.008,0.008,0.008,0.008,0.008,0.008,0.008,0.008,0.008,0.008
Vscuro,0.008,0.008,0.007,0.007,0.007,0.007,0.007,0.007,0.007,0.007,0.007,0.007,0.007,0.007,0.007,0.007,0.007,0.007,0.006,0.007,0.007,0.007,0.007,0.006,0.006,0.006,0.006,0.006,0.006,0.006,0.006,0.006,0.006,0.006,0.006,0.006,0.006,0.006,0.006,0.006,0.006,0.006,0.006,0.006,0.006,0.006,0.006,0.006,0.006,0.006,0.006,0.006,0.006,0.006,0.006,0.006,0.006,0.006,0.006,0.005,0.005,0.005,0.005,0.005,0.005,0.005,0.005,0.006,0.006,0.006,0.006,0.006,0.006,0.006,0.006,0.006,0.006,0.007,0.007,0.007,0.007,0.007,0.007,0.007,0.007,0.007,0.007,0.007,0.007,0.008,0.008,0.008,0.008,0.008,0.008,0.008,0.008,0.008,0.009,0.009,0.008,0.009,0.009,0.009,0.009,0.009,0.009,0.009,0.009,0.009,0.009
Vscuro,0.004,0.004,0.004,0.004,0.004,0.004,0.004,0.004,0.004,0.004,0.004,0.004,0.004,0.004,0.004,0.004,0.004,0.004,0.004,0.004,0.004,0.004,0.004,0.004,0.004,0.004,0.004,0.004,0.004,0.004,0.004,0.004,0.004,0.004,0.004,0.004,0.004,0.004,0.004,0.004,0.004,0.004,0.005,0.005,0.005,0.005,0.005,0.005,0.005,0.005,0.005,0.005,0.005,0.005,0.005,0.005,0.005,0.005,0.005,0.005,0.005,0.005,0.005,0.005,0.005,0.005,0.006,0.006,0.006,0.006,0.006,0.006,0.007,0.007,0.006,0.006,0.007,0.007,0.007,0.007,0.007,0.008,0.008,0.008,0.008,0.008,0.008,0.008,0.009,0.009,0.009,0.009,0.009,0.009,0.009,0.009,0.01,0.01,0.01,0.01,0.01,0.01,0.01,0.01,0.01,0.01,0.01,0.01,0.01,0.01,0.01
Vscuro,0.004,0.004,0.004,0.004,0.004,0.004,0.004,0.004,0.004,0.004,0.004,0.004,0.004,0.004,0.004,0.003,0.003,0.003,0.003,0.003,0.003,0.003,0.003,0.003,0.003,0.003,0.003,0.003,0.003,0.003,0.003,0.003,0.003,0.003,0.003,0.003,0.003,0.003,0.003,0.003,0.003,0.003,0.003,0.003,0.003,0.003,0.003,0.002,0.002,0.002,0.002,0.002,0.002,0.002,0.002,0.001,0.001,0.001,0.001,0.001,0.001,0.001,0.001,0.001,0.001,0.001,0.001,0.001,0.001,0.001,0.001,0.001,0,0,0.001,0.001,0.001,0.001,0.001,0.001,0.001,0,0,0,0,0,0,0,0,0,0,0,0,0,0,0,0,0,0,0,0,0,0,0,0,0,0,0,0,0,0
Vscuro,0.005,0.005,0.005,0.005,0.005,0.004,0.004,0.004,0.004,0.004,0.004,0.004,0.004,0.004,0.004,0.004,0.004,0.003,0.003,0.003,0.003,0.003,0.003,0.003,0.003,0.003,0.003,0.003,0.003,0.003,0.003,0.003,0.003,0.003,0.003,0.003,0.003,0.002,0.003,0.003,0.003,0.003,0.003,0.002,0.002,0.002,0.002,0.002,0.002,0.002,0.002,0.002,0.002,0.002,0.002,0.002,0.002,0.001,0.001,0.001,0.001,0.001,0.001,0.001,0.001,0.001,0.001,0.001,0.001,0.001,0.001,0.001,0.001,0.001,0.001,0.001,0.001,0.001,0.001,0.001,0.001,0,0,0,0.001,0,0,0,0,0,0,0,0,0,0,0,0,0,0,0,0,0,0,0,0,0,0,0,0,0,0
Vscuro,0.002,0.002,0.002,0.002,0.002,0.002,0.002,0.002,0.002,0.001,0.001,0.001,0.001,0.001,0.001,0.001,0.001,0.001,0.001,0.001,0.001,0.001,0.001,0.001,0.001,0.001,0.001,0.002,0.002,0.002,0.002,0.002,0.002,0.002,0.002,0.002,0.002,0.002,0.002,0.002,0.002,0.002,0.002,0.002,0.002,0.002,0.002,0.002,0.002,0.002,0.002,0.002,0.002,0.002,0.002,0.002,0.002,0.002,0.002,0.002,0.002,0.002,0.002,0.002,0.002,0.002,0.002,0.002,0.002,0.002,0.002,0.002,0.003,0.003,0.003,0.003,0.003,0.003,0.003,0.003,0.003,0.003,0.003,0.003,0.003,0.003,0.003,0.003,0.003,0.003,0.003,0.003,0.003,0.003,0.003,0.002,0.002,0.002,0.002,0.002,0.002,0.002,0.002,0.002,0.002,0.001,0.001,0.001,0.001,0.001,0.001
Vscuro,0.004,0.004,0.004,0.004,0.003,0.003,0.003,0.003,0.003,0.003,0.003,0.003,0.003,0.003,0.003,0.003,0.002,0.002,0.002,0.002,0.003,0.002,0.002,0.002,0.002,0.003,0.002,0.002,0.002,0.002,0.002,0.002,0.002,0.002,0.002,0.002,0.002,0.002,0.002,0.002,0.002,0.002,0.002,0.002,0.002,0.002,0.002,0.002,0.002,0.002,0.002,0.002,0.002,0.002,0.002,0.002,0.001,0.001,0.001,0.001,0.001,0.001,0.001,0.001,0.001,0.001,0.001,0.001,0.001,0.001,0.001,0.001,0.001,0.001,0.001,0.001,0.001,0.001,0.001,0.001,0.001,0.001,0.001,0.001,0.001,0.001,0.001,0.001,0.001,0.001,0.001,0.001,0,0,0.001,0,0,0,0.001,0,0,0,0,0,0,0,0,0,0,0,0
Vscuro,0.014,0.014,0.014,0.014,0.014,0.014,0.014,0.014,0.014,0.014,0.014,0.014,0.014,0.014,0.014,0.014,0.014,0.014,0.014,0.014,0.014,0.014,0.015,0.014,0.015,0.015,0.015,0.015,0.015,0.015,0.015,0.015,0.015,0.015,0.015,0.015,0.015,0.015,0.015,0.015,0.015,0.015,0.015,0.015,0.015,0.015,0.015,0.015,0.015,0.015,0.015,0.015,0.014,0.014,0.014,0.014,0.014,0.014,0.014,0.014,0.014,0.013,0.013,0.013,0.013,0.013,0.013,0.013,0.013,0.013,0.013,0.013,0.012,0.012,0.012,0.012,0.012,0.012,0.012,0.012,0.012,0.012,0.012,0.011,0.011,0.011,0.011,0.01,0.01,0.01,0.01,0.01,0.01,0.01,0.01,0.009,0.009,0.009,0.009,0.008,0.008,0.008,0.007,0.007,0.007,0.007,0.007,0.006,0.006,0.006,0.006
Vscuro,0.006,0.006,0.006,0.006,0.006,0.006,0.006,0.006,0.006,0.006,0.006,0.005,0.005,0.006,0.006,0.006,0.005,0.006,0.006,0.005,0.005,0.005,0.005,0.005,0.005,0.005,0.005,0.005,0.005,0.005,0.005,0.005,0.005,0.005,0.005,0.005,0.005,0.005,0.005,0.005,0.005,0.005,0.005,0.005,0.005,0.004,0.005,0.005,0.004,0.004,0.004,0.004,0.004,0.004,0.004,0.004,0.003,0.003,0.003,0.003,0.003,0.003,0.003,0.002,0.002,0.002,0.002,0.002,0.002,0.003,0.002,0.002,0.002,0.002,0.002,0.002,0.002,0.002,0.002,0.002,0.002,0.002,0.002,0.002,0.002,0.002,0.002,0.002,0.002,0.002,0.002,0.002,0.002,0.001,0.001,0.001,0.001,0.001,0.001,0.001,0.001,0.001,0.001,0.001,0,0,0,0,0,0,0
Vscuro,0.003,0.003,0.003,0.003,0.003,0.003,0.003,0.003,0.003,0.002,0.003,0.003,0.002,0.002,0.002,0.002,0.002,0.003,0.003,0.002,0.002,0.002,0.002,0.002,0.002,0.002,0.003,0.003,0.003,0.003,0.003,0.003,0.003,0.003,0.003,0.003,0.003,0.003,0.003,0.003,0.003,0.003,0.003,0.003,0.003,0.003,0.003,0.003,0.003,0.003,0.003,0.003,0.003,0.003,0.003,0.003,0.003,0.003,0.003,0.003,0.003,0.003,0.003,0.003,0.003,0.003,0.003,0.003,0.003,0.003,0.003,0.003,0.004,0.004,0.003,0.004,0.004,0.004,0.004,0.004,0.004,0.004,0.004,0.004,0.004,0.004,0.004,0.004,0.004,0.004,0.004,0.004,0.004,0.004,0.004,0.005,0.005,0.005,0.005,0.005,0.004,0.005,0.005,0.004,0.004,0.004,0.004,0.004,0.004,0.004,0.003
Vscuro,0.015,0.014,0.014,0.014,0.013,0.013,0.013,0.013,0.013,0.012,0.012,0.012,0.012,0.012,0.012,0.011,0.011,0.011,0.011,0.01,0.01,0.01,0.01,0.01,0.01,0.01,0.009,0.009,0.009,0.009,0.009,0.009,0.009,0.009,0.008,0.008,0.008,0.008,0.008,0.008,0.008,0.007,0.007,0.007,0.007,0.007,0.007,0.007,0.007,0.007,0.007,0.006,0.006,0.006,0.006,0.006,0.006,0.005,0.005,0.005,0.005,0.005,0.005,0.005,0.005,0.005,0.005,0.005,0.005,0.005,0.005,0.004,0.005,0.005,0.005,0.004,0.005,0.004,0.004,0.004,0.004,0.004,0.004,0.004,0.004,0.004,0.004,0.004,0.004,0.003,0.003,0.003,0.003,0.003,0.003,0.003,0.003,0.003,0.002,0.002,0.002,0.002,0.002,0.002,0.002,0.002,0.002,0.002,0.001,0.001,0.001
Vscuro,0.007,0.007,0.006,0.006,0.006,0.006,0.006,0.006,0.006,0.006,0.006,0.006,0.006,0.006,0.006,0.006,0.006,0.006,0.006,0.005,0.006,0.005,0.005,0.005,0.005,0.005,0.005,0.005,0.005,0.005,0.005,0.005,0.005,0.004,0.005,0.005,0.005,0.004,0.004,0.004,0.004,0.004,0.004,0.004,0.004,0.003,0.003,0.003,0.003,0.003,0.003,0.002,0.002,0.002,0.002,0.002,0.002,0.002,0.001,0.001,0.001,0.001,0.001,0.001,0.001,0.001,0.001,0.001,0.001,0,0.001,0.001,0.001,0.001,0,0,0,0,0,0,0,0,0,0,0,0,0,0,0,0,0,0,0,0,0,0,0,0,0,0,0,0,0,0,0,0,0,0,0,0,0
Vscuro,0.006,0.006,0.005,0.005,0.005,0.005,0.005,0.005,0.005,0.005,0.005,0.005,0.005,0.005,0.005,0.005,0.005,0.005,0.005,0.005,0.005,0.005,0.005,0.005,0.005,0.005,0.005,0.005,0.005,0.005,0.005,0.005,0.005,0.005,0.005,0.005,0.005,0.005,0.005,0.005,0.005,0.005,0.005,0.005,0.005,0.005,0.005,0.005,0.005,0.005,0.005,0.005,0.005,0.005,0.005,0.005,0.005,0.004,0.004,0.004,0.004,0.004,0.004,0.004,0.004,0.004,0.004,0.004,0.003,0.004,0.004,0.004,0.004,0.003,0.003,0.003,0.003,0.003,0.003,0.003,0.003,0.003,0.003,0.003,0.003,0.003,0.003,0.003,0.002,0.002,0.002,0.002,0.002,0.002,0.002,0.002,0.002,0.002,0.002,0.002,0.002,0.001,0.001,0.001,0.001,0.001,0.001,0.001,0.001,0.001,0.001
Vscuro,0.006,0.006,0.005,0.005,0.005,0.005,0.004,0.004,0.004,0.004,0.004,0.004,0.003,0.003,0.003,0.003,0.003,0.003,0.003,0.002,0.002,0.002,0.002,0.002,0.002,0.002,0.002,0.001,0.001,0.001,0.001,0.001,0.001,0.001,0.001,0.001,0.001,0.001,0.001,0.001,0.001,0,0,0,0,0,0,0,0,0,0,0,0,0,0,0,0,0,0,0,0,0,0,0,0,0,0,0,0,0,0,0,0,0,0,0,0,0,0,0,0,0,0,0,0,0,0,0,0,0,0,0,0,0,0,0,0,0,0,0,0,0,0,0,0,0,0,0,0,0,0
Vscuro,0.001,0.001,0.001,0.001,0.001,0.001,0.001,0.001,0.001,0.001,0.001,0.001,0.001,0.001,0.001,0.001,0.001,0.001,0.001,0.001,0,0,0.001,0.001,0.001,0,0,0,0,0,0,0,0,0,0,0,0,0,0,0,0,0,0,0,0,0,0,0,0,0,0,0,0,0,0,0,0,0,0,0,0,0,0,0,0,0,0,0,0,0,0,0,0,0,0,0,0,0,0,0,0,0,0,0,0,0,0,0,0,0,0,0,0,0,0,0,0,0,0,0,0,0,0,0,0,0,0,0,0,0,0
Vscuro,0.001,0.001,0.001,0.001,0.001,0.001,0.001,0.001,0.001,0.001,0.001,0.001,0.001,0.001,0.001,0.001,0.001,0.001,0.001,0.001,0.001,0.001,0.001,0.001,0.001,0.001,0.002,0.002,0.002,0.002,0.002,0.002,0.002,0.002,0.002,0.002,0.002,0.002,0.002,0.002,0.002,0.002,0.002,0.002,0.002,0.002,0.002,0.002,0.003,0.003,0.002,0.002,0.002,0.002,0.002,0.002,0.002,0.002,0.002,0.002,0.002,0.002,0.002,0.002,0.002,0.002,0.002,0.002,0.002,0.002,0.002,0.002,0.002,0.002,0.002,0.002,0.002,0.003,0.003,0.002,0.003,0.003,0.003,0.002,0.002,0.002,0.003,0.002,0.002,0.002,0.002,0.002,0.002,0.003,0.002,0.002,0.002,0.002,0.002,0.002,0.002,0.002,0.002,0.002,0.002,0.002,0.002,0.002,0.001,0.001,0.001
Vscuro,0.002,0.002,0.002,0.002,0.002,0.002,0.002,0.002,0.002,0.002,0.002,0.002,0.002,0.002,0.002,0.002,0.002,0.002,0.002,0.003,0.003,0.003,0.003,0.003,0.003,0.003,0.003,0.003,0.003,0.003,0.003,0.003,0.003,0.004,0.004,0.004,0.004,0.004,0.004,0.004,0.004,0.004,0.004,0.004,0.004,0.005,0.005,0.005,0.004,0.005,0.004,0.004,0.004,0.004,0.004,0.004,0.004,0.004,0.004,0.004,0.004,0.004,0.004,0.004,0.004,0.004,0.004,0.004,0.004,0.004,0.004,0.004,0.004,0.004,0.004,0.004,0.004,0.004,0.004,0.004,0.004,0.004,0.004,0.004,0.004,0.004,0.004,0.003,0.003,0.003,0.003,0.003,0.003,0.003,0.003,0.003,0.003,0.003,0.003,0.003,0.003,0.003,0.003,0.003,0.002,0.002,0.002,0.002,0.002,0.002,0.002
Vscuro,0.001,0.001,0.001,0.001,0.001,0.001,0.001,0.001,0,0,0,0.001,0,0,0,0,0,0,0,0,0,0,0,0,0,0,0,0,0,0,0,0,0,0,0,0,0,0,0,0,0,0,0,0,0,0,0,0,0,0,0,0,0,0,0,0,0,0,0,0,0,0,0,0,0,0,0,0,0,0,0,0,0,0,0,0,0,0,0,0,0,0,0,0,0,0,0,0,0,0,0,0,0,0,0,0,0,0,0,0,0,0,0,0,0,0,0,0,0,0,0
Vscuro,0.002,0.002,0.002,0.002,0.002,0.002,0.002,0.001,0.001,0.002,0.002,0.001,0.001,0.001,0.001,0.001,0.001,0.001,0.001,0.001,0.001,0.001,0.001,0.001,0.001,0.001,0.001,0.001,0.001,0.001,0.001,0.001,0.001,0.001,0.001,0.001,0.001,0.001,0.001,0.001,0.001,0.001,0.001,0.001,0.001,0.001,0.001,0.001,0.001,0.001,0.001,0.001,0.001,0.001,0.001,0,0,0,0,0,0,0,0,0,0,0,0,0,0,0,0,0,0,0,0,0,0,0,0,0,0,0,0,0,0,0,0,0,0,0,0,0,0,0,0,0,0,0,0,0,0,0,0,0,0,0,0,0,0,0,0
Vscuro,0.001,0.001,0.001,0.001,0,0,0.001,0,0,0,0,0,0,0,0,0,0,0,0,0,0,0,0,0,0,0,0,0,0,0,0,0,0.001,0.001,0.001,0.001,0.001,0.001,0.001,0.001,0.001,0.001,0.001,0.001,0.001,0.001,0.001,0.001,0.002,0.001,0.001,0.002,0.002,0.002,0.002,0.002,0.002,0.002,0.002,0.002,0.002,0.003,0.003,0.003,0.003,0.003,0.003,0.004,0.004,0.004,0.004,0.004,0.005,0.005,0.005,0.005,0.006,0.006,0.006,0.006,0.007,0.007,0.007,0.008,0.008,0.008,0.009,0.009,0.009,0.01,0.01,0.01,0.011,0.011,0.011,0.011,0.012,0.012,0.013,0.013,0.013,0.014,0.014,0.014,0.014,0.015,0.015,0.015,0.015,0.016,0.016
Vscuro,0.019,0.019,0.018,0.018,0.018,0.018,0.018,0.018,0.018,0.018,0.018,0.018,0.018,0.018,0.018,0.018,0.018,0.018,0.018,0.018,0.018,0.018,0.018,0.018,0.018,0.018,0.018,0.019,0.019,0.019,0.019,0.019,0.019,0.019,0.019,0.019,0.019,0.02,0.02,0.02,0.02,0.02,0.02,0.02,0.02,0.021,0.021,0.021,0.021,0.021,0.021,0.021,0.021,0.021,0.022,0.022,0.022,0.022,0.022,0.022,0.022,0.022,0.022,0.023,0.023,0.023,0.023,0.023,0.024,0.024,0.024,0.024,0.025,0.025,0.025,0.025,0.026,0.026,0.026,0.026,0.027,0.027,0.027,0.027,0.027,0.027,0.027,0.027,0.027,0.027,0.028,0.028,0.028,0.028,0.028,0.028,0.028,0.028,0.028,0.028,0.028,0.028,0.028,0.028,0.028,0.028,0.027,0.027,0.027,0.027,0.026
Vscuro,0.032,0.032,0.032,0.032,0.031,0.031,0.031,0.03,0.03,0.03,0.03,0.03,0.029,0.029,0.029,0.029,0.029,0.028,0.028,0.028,0.028,0.028,0.028,0.028,0.028,0.028,0.028,0.028,0.027,0.028,0.028,0.028,0.028,0.028,0.028,0.028,0.028,0.028,0.029,0.029,0.029,0.029,0.03,0.03,0.03,0.03,0.031,0.031,0.032,0.032,0.032,0.032,0.033,0.033,0.034,0.035,0.035,0.036,0.037,0.037,0.038,0.039,0.04,0.041,0.042,0.043,0.044,0.045,0.046,0.048,0.05,0.051,0.053,0.054,0.056,0.058,0.059,0.061,0.063,0.064,0.067,0.069,0.071,0.073,0.075,0.077,0.079,0.081,0.083,0.086,0.088,0.091,0.094,0.096,0.098,0.101,0.102,0.105,0.108,0.11,0.112,0.115,0.117,0.119,0.121,0.123,0.125,0.126,0.128,0.129,0.13
Vscuro,0.026,0.026,0.025,0.025,0.025,0.025,0.025,0.024,0.024,0.024,0.024,0.023,0.023,0.023,0.023,0.022,0.022,0.022,0.022,0.022,0.022,0.022,0.021,0.021,0.021,0.021,0.021,0.021,0.021,0.021,0.021,0.021,0.02,0.021,0.021,0.02,0.02,0.021,0.02,0.02,0.02,0.02,0.02,0.02,0.021,0.021,0.021,0.021,0.021,0.021,0.021,0.021,0.02,0.021,0.021,0.021,0.021,0.021,0.021,0.021,0.021,0.021,0.021,0.021,0.022,0.022,0.022,0.022,0.022,0.022,0.022,0.022,0.023,0.023,0.023,0.023,0.024,0.024,0.024,0.024,0.024,0.024,0.024,0.025,0.025,0.025,0.025,0.025,0.025,0.025,0.025,0.025,0.026,0.026,0.025,0.025,0.026,0.026,0.025,0.026,0.026,0.026,0.026,0.026,0.025,0.025,0.025,0.025,0.024,0.024,0.024
Vscuro,0.012,0.012,0.012,0.012,0.012,0.012,0.012,0.012,0.012,0.012,0.012,0.012,0.012,0.012,0.011,0.011,0.011,0.012,0.012,0.012,0.012,0.012,0.012,0.012,0.012,0.012,0.012,0.012,0.012,0.012,0.012,0.012,0.012,0.012,0.012,0.012,0.012,0.013,0.013,0.013,0.013,0.013,0.013,0.013,0.013,0.013,0.013,0.014,0.014,0.014,0.014,0.014,0.013,0.013,0.014,0.014,0.014,0.014,0.014,0.014,0.014,0.014,0.014,0.014,0.014,0.014,0.015,0.015,0.015,0.015,0.015,0.015,0.016,0.016,0.016,0.016,0.016,0.016,0.016,0.017,0.017,0.017,0.017,0.017,0.017,0.018,0.017,0.017,0.017,0.018,0.018,0.018,0.018,0.018,0.018,0.018,0.019,0.019,0.019,0.019,0.019,0.019,0.019,0.019,0.019,0.019,0.018,0.018,0.018,0.018,0.018
Vscuro,0.012,0.012,0.012,0.012,0.011,0.011,0.012,0.011,0.011,0.011,0.011,0.011,0.011,0.011,0.011,0.011,0.011,0.011,0.011,0.011,0.011,0.011,0.011,0.011,0.011,0.011,0.011,0.011,0.011,0.011,0.011,0.011,0.011,0.011,0.012,0.012,0.012,0.012,0.012,0.012,0.012,0.012,0.012,0.012,0.012,0.013,0.013,0.013,0.013,0.013,0.013,0.013,0.013,0.013,0.013,0.013,0.013,0.013,0.013,0.013,0.013,0.013,0.013,0.013,0.013,0.014,0.014,0.014,0.014,0.014,0.014,0.015,0.015,0.015,0.015,0.015,0.015,0.015,0.015,0.016,0.016,0.016,0.016,0.016,0.016,0.016,0.016,0.016,0.016,0.017,0.017,0.017,0.017,0.017,0.018,0.017,0.017,0.017,0.017,0.017,0.017,0.017,0.017,0.017,0.017,0.017,0.016,0.016,0.016,0.016,0.016
Vscuro,0.015,0.015,0.015,0.015,0.015,0.014,0.014,0.014,0.014,0.014,0.013,0.013,0.013,0.013,0.013,0.013,0.013,0.013,0.013,0.013,0.013,0.013,0.013,0.013,0.013,0.013,0.013,0.014,0.013,0.014,0.014,0.014,0.014,0.014,0.014,0.014,0.014,0.014,0.014,0.014,0.014,0.015,0.015,0.015,0.015,0.015,0.015,0.016,0.016,0.016,0.016,0.016,0.016,0.016,0.016,0.016,0.016,0.016,0.016,0.017,0.017,0.017,0.017,0.017,0.017,0.017,0.018,0.017,0.018,0.018,0.018,0.019,0.019,0.019,0.019,0.019,0.02,0.02,0.02,0.02,0.021,0.021,0.021,0.021,0.021,0.021,0.021,0.021,0.021,0.021,0.021,0.021,0.022,0.022,0.022,0.022,0.022,0.022,0.022,0.022,0.022,0.022,0.022,0.021,0.021,0.021,0.021,0.02,0.02,0.02,0.019
Vscuro,0.013,0.012,0.012,0.012,0.012,0.012,0.012,0.012,0.012,0.012,0.012,0.012,0.012,0.012,0.012,0.012,0.012,0.012,0.012,0.012,0.013,0.013,0.013,0.013,0.013,0.013,0.013,0.013,0.013,0.013,0.013,0.013,0.014,0.014,0.014,0.014,0.014,0.014,0.014,0.015,0.015,0.015,0.015,0.016,0.015,0.016,0.016,0.016,0.017,0.017,0.017,0.017,0.017,0.017,0.018,0.018,0.018,0.018,0.019,0.019,0.019,0.019,0.02,0.02,0.02,0.021,0.021,0.022,0.022,0.022,0.023,0.023,0.024,0.024,0.025,0.025,0.026,0.026,0.026,0.027,0.027,0.028,0.028,0.029,0.029,0.029,0.03,0.03,0.031,0.031,0.032,0.032,0.033,0.033,0.033,0.034,0.034,0.034,0.035,0.035,0.036,0.036,0.036,0.036,0.036,0.036,0.037,0.037,0.037,0.037,0.036
Vscuro,0.007,0.006,0.006,0.005,0.005,0.005,0.004,0.004,0.004,0.004,0.004,0.003,0.003,0.003,0.003,0.003,0.002,0.002,0.002,0.002,0.002,0.002,0.002,0.002,0.002,0.002,0.001,0.002,0.002,0.002,0.002,0.001,0.001,0.001,0.001,0.001,0.001,0.001,0.001,0.001,0.001,0.001,0.001,0.001,0.001,0.001,0.001,0.001,0.001,0.001,0.001,0.001,0.001,0.001,0.001,0.001,0,0,0,0,0,0,0,0,0,0,0,0,0,0,0,0,0,0,0,0,0,0,0,0,0,0,0,0,0,0,0,0,0,0,0,0,0,0,0,0,0,0,0,0,0,0,0,0,0,0,0,0,0,0,0
Vscuro,0.002,0.002,0.002,0.002,0.002,0.002,0.002,0.002,0.002,0.002,0.002,0.002,0.002,0.002,0.002,0.002,0.002,0.001,0.001,0.001,0.001,0.001,0.001,0.001,0.001,0.001,0.001,0.001,0.001,0.001,0.001,0.001,0.001,0.001,0.001,0.001,0.001,0.001,0.001,0.001,0.001,0.001,0.001,0.001,0.001,0.001,0.001,0.001,0.001,0.001,0.001,0.001,0.001,0,0,0,0,0,0,0,0,0,0,0,0,0,0,0,0,0,0,0,0,0,0,0,0,0,0,0,0,0,0,0,0,0,0,0,0,0,0,0,0,0,0,0,0,0,0,0,0,0,0,0,0,0,0,0,0,0,0
Vscuro,0,0,0,0,0,0,0,0,0,0,0,0,0,0,0,0,0,0,0,0,0,0,0,0,0,0,0,0,0,0,0,0,0,0,0,0,0,0,0,0,0,0,0,0,0,0,0,0,0,0,0,0,0,0.001,0.001,0.001,0.001,0.001,0.001,0.001,0.001,0.001,0.001,0.001,0.001,0.001,0.001,0.002,0.002,0.002,0.002,0.002,0.002,0.002,0.002,0.002,0.002,0.003,0.003,0.003,0.003,0.003,0.003,0.004,0.004,0.004,0.004,0.004,0.004,0.004,0.004,0.005,0.005,0.005,0.005,0.005,0.005,0.005,0.006,0.006,0.006,0.006,0.006,0.006,0.006,0.006,0.006,0.006,0.006,0.006,0.006
Vopale,0.421,0.422,0.422,0.423,0.424,0.424,0.425,0.426,0.427,0.428,0.43,0.431,0.433,0.434,0.435,0.437,0.438,0.441,0.442,0.444,0.447,0.449,0.451,0.453,0.455,0.457,0.461,0.463,0.466,0.468,0.471,0.475,0.477,0.48,0.482,0.486,0.489,0.491,0.496,0.498,0.502,0.504,0.507,0.51,0.513,0.517,0.52,0.523,0.526,0.529,0.532,0.533,0.535,0.538,0.541,0.545,0.547,0.549,0.552,0.555,0.557,0.56,0.562,0.565,0.567,0.568,0.571,0.572,0.573,0.575,0.576,0.577,0.578,0.579,0.58,0.581,0.582,0.582,0.583,0.583,0.583,0.583,0.583,0.583,0.583,0.582,0.582,0.582,0.581,0.581,0.58,0.579,0.578,0.577,0.576,0.575,0.574,0.573,0.571,0.571,0.57,0.568,0.567,0.566,0.563,0.559,0.557,0.554,0.551,0.548,0.545
Vopale,0.453,0.455,0.456,0.456,0.458,0.459,0.46,0.461,0.463,0.464,0.465,0.466,0.467,0.468,0.47,0.471,0.473,0.474,0.475,0.477,0.478,0.48,0.482,0.483,0.485,0.486,0.488,0.489,0.491,0.493,0.494,0.496,0.498,0.5,0.501,0.504,0.505,0.505,0.507,0.508,0.51,0.512,0.513,0.515,0.515,0.516,0.513,0.514,0.519,0.52,0.52,0.519,0.519,0.52,0.521,0.521,0.521,0.522,0.523,0.523,0.523,0.522,0.523,0.522,0.521,0.52,0.519,0.518,0.517,0.515,0.514,0.513,0.51,0.509,0.507,0.505,0.503,0.5,0.498,0.496,0.493,0.491,0.489,0.485,0.482,0.48,0.476,0.473,0.471,0.467,0.465,0.462,0.459,0.456,0.454,0.449,0.447,0.445,0.44,0.437,0.434,0.43,0.428,0.425,0.421,0.415,0.411,0.407,0.403,0.399,0.396
Vopale,0.418,0.419,0.419,0.42,0.421,0.421,0.423,0.424,0.425,0.425,0.427,0.428,0.43,0.431,0.432,0.434,0.435,0.438,0.439,0.442,0.443,0.446,0.448,0.45,0.453,0.455,0.458,0.46,0.464,0.466,0.468,0.472,0.474,0.477,0.479,0.482,0.485,0.487,0.49,0.493,0.496,0.498,0.5,0.504,0.506,0.51,0.512,0.514,0.517,0.519,0.522,0.523,0.524,0.526,0.528,0.531,0.533,0.534,0.537,0.539,0.54,0.542,0.544,0.545,0.547,0.548,0.548,0.549,0.549,0.55,0.551,0.552,0.552,0.552,0.552,0.552,0.551,0.552,0.552,0.551,0.55,0.549,0.549,0.548,0.547,0.546,0.545,0.544,0.542,0.54,0.538,0.537,0.535,0.533,0.532,0.53,0.529,0.527,0.524,0.523,0.522,0.519,0.518,0.515,0.513,0.509,0.506,0.503,0.497,0.494,0.491
Vopale,0.395,0.395,0.395,0.395,0.395,0.395,0.396,0.397,0.397,0.398,0.398,0.398,0.399,0.4,0.401,0.402,0.402,0.403,0.404,0.406,0.407,0.408,0.409,0.411,0.412,0.414,0.416,0.417,0.419,0.42,0.421,0.423,0.425,0.428,0.429,0.431,0.433,0.434,0.437,0.438,0.44,0.442,0.444,0.446,0.448,0.45,0.452,0.454,0.456,0.458,0.459,0.459,0.46,0.462,0.464,0.467,0.468,0.469,0.472,0.473,0.475,0.477,0.478,0.48,0.481,0.483,0.485,0.486,0.486,0.487,0.489,0.49,0.49,0.491,0.492,0.493,0.494,0.494,0.495,0.495,0.496,0.496,0.497,0.497,0.497,0.498,0.499,0.498,0.498,0.499,0.5,0.5,0.501,0.501,0.501,0.501,0.502,0.502,0.503,0.504,0.504,0.505,0.505,0.505,0.504,0.504,0.504,0.503,0.503,0.502,0.503
Vopale,0.387,0.388,0.388,0.389,0.389,0.388,0.389,0.389,0.39,0.39,0.39,0.391,0.392,0.392,0.393,0.394,0.394,0.395,0.396,0.398,0.399,0.401,0.402,0.403,0.404,0.405,0.407,0.409,0.41,0.412,0.413,0.415,0.417,0.419,0.42,0.422,0.424,0.425,0.428,0.429,0.431,0.433,0.434,0.437,0.438,0.441,0.442,0.444,0.446,0.447,0.448,0.45,0.45,0.452,0.455,0.457,0.458,0.459,0.461,0.463,0.464,0.466,0.467,0.469,0.47,0.472,0.473,0.473,0.474,0.476,0.476,0.477,0.478,0.479,0.479,0.48,0.481,0.482,0.483,0.483,0.483,0.484,0.485,0.485,0.485,0.484,0.484,0.485,0.485,0.486,0.486,0.486,0.486,0.487,0.487,0.487,0.487,0.488,0.488,0.488,0.488,0.489,0.49,0.489,0.489,0.488,0.488,0.487,0.486,0.485,0.485
Vopale,0.389,0.389,0.39,0.39,0.39,0.39,0.39,0.391,0.391,0.392,0.393,0.393,0.393,0.394,0.394,0.395,0.396,0.397,0.398,0.399,0.4,0.402,0.403,0.404,0.405,0.407,0.409,0.41,0.412,0.413,0.414,0.416,0.418,0.421,0.422,0.424,0.425,0.427,0.429,0.431,0.434,0.435,0.436,0.439,0.441,0.443,0.445,0.446,0.448,0.45,0.452,0.452,0.453,0.456,0.458,0.46,0.461,0.462,0.465,0.466,0.468,0.469,0.471,0.472,0.474,0.475,0.476,0.478,0.479,0.48,0.481,0.482,0.483,0.483,0.484,0.486,0.487,0.487,0.488,0.488,0.489,0.489,0.489,0.49,0.49,0.491,0.491,0.492,0.493,0.493,0.493,0.493,0.493,0.494,0.494,0.495,0.495,0.496,0.496,0.497,0.497,0.498,0.499,0.499,0.499,0.499,0.499,0.498,0.498,0.497,0.497
Vopale,0.382,0.383,0.384,0.386,0.387,0.388,0.39,0.391,0.393,0.394,0.395,0.397,0.398,0.399,0.401,0.402,0.404,0.405,0.407,0.408,0.409,0.412,0.414,0.415,0.417,0.418,0.421,0.422,0.424,0.426,0.428,0.43,0.432,0.434,0.435,0.438,0.439,0.441,0.443,0.445,0.448,0.45,0.451,0.453,0.455,0.457,0.459,0.46,0.463,0.464,0.465,0.466,0.466,0.469,0.471,0.473,0.474,0.475,0.478,0.479,0.48,0.481,0.483,0.484,0.486,0.487,0.488,0.489,0.49,0.491,0.492,0.493,0.494,0.495,0.496,0.496,0.496,0.496,0.498,0.499,0.499,0.499,0.499,0.499,0.5,0.5,0.5,0.5,0.501,0.501,0.502,0.502,0.502,0.503,0.502,0.502,0.503,0.503,0.504,0.504,0.504,0.505,0.505,0.506,0.507,0.507,0.505,0.505,0.505,0.504,0.504
Vopale,0.385,0.385,0.385,0.385,0.386,0.386,0.386,0.386,0.387,0.387,0.387,0.388,0.389,0.39,0.39,0.391,0.392,0.393,0.394,0.395,0.396,0.398,0.399,0.4,0.402,0.403,0.405,0.406,0.408,0.409,0.41,0.413,0.414,0.416,0.417,0.419,0.421,0.423,0.425,0.426,0.429,0.431,0.433,0.435,0.437,0.439,0.441,0.442,0.444,0.446,0.447,0.448,0.449,0.451,0.453,0.456,0.456,0.458,0.46,0.461,0.463,0.466,0.467,0.468,0.469,0.471,0.473,0.473,0.474,0.476,0.477,0.477,0.479,0.48,0.482,0.482,0.482,0.483,0.484,0.485,0.486,0.486,0.487,0.487,0.487,0.488,0.488,0.488,0.489,0.49,0.49,0.49,0.49,0.491,0.492,0.491,0.492,0.493,0.494,0.495,0.495,0.496,0.497,0.498,0.498,0.497,0.497,0.496,0.496,0.496,0.496
Vopale,0.391,0.391,0.392,0.392,0.392,0.392,0.393,0.393,0.393,0.394,0.394,0.394,0.396,0.396,0.397,0.398,0.399,0.399,0.4,0.402,0.402,0.404,0.405,0.405,0.407,0.408,0.41,0.412,0.413,0.414,0.415,0.418,0.419,0.421,0.422,0.425,0.426,0.428,0.429,0.431,0.434,0.436,0.437,0.439,0.441,0.443,0.445,0.447,0.448,0.45,0.451,0.452,0.453,0.455,0.457,0.459,0.459,0.461,0.463,0.464,0.466,0.468,0.47,0.472,0.473,0.474,0.475,0.476,0.477,0.478,0.479,0.479,0.48,0.482,0.483,0.483,0.484,0.485,0.485,0.486,0.486,0.486,0.487,0.488,0.488,0.488,0.489,0.489,0.489,0.49,0.49,0.49,0.49,0.49,0.491,0.491,0.492,0.493,0.493,0.493,0.494,0.495,0.495,0.496,0.496,0.495,0.495,0.495,0.495,0.495,0.494
Vopale,0.403,0.403,0.403,0.403,0.403,0.403,0.404,0.404,0.404,0.405,0.405,0.406,0.407,0.407,0.408,0.408,0.409,0.411,0.412,0.413,0.414,0.416,0.417,0.418,0.42,0.421,0.422,0.424,0.426,0.427,0.429,0.431,0.432,0.434,0.436,0.439,0.44,0.442,0.444,0.446,0.448,0.45,0.452,0.455,0.457,0.458,0.46,0.462,0.464,0.466,0.467,0.468,0.469,0.471,0.474,0.476,0.477,0.479,0.481,0.483,0.484,0.486,0.487,0.49,0.491,0.493,0.494,0.495,0.496,0.497,0.498,0.499,0.501,0.502,0.503,0.504,0.505,0.506,0.506,0.507,0.508,0.509,0.509,0.51,0.51,0.511,0.511,0.511,0.512,0.513,0.513,0.514,0.514,0.515,0.515,0.515,0.516,0.517,0.518,0.519,0.519,0.521,0.521,0.522,0.521,0.521,0.521,0.521,0.521,0.521,0.52
Vopale,0.395,0.395,0.395,0.396,0.396,0.396,0.396,0.397,0.397,0.397,0.398,0.399,0.399,0.4,0.401,0.402,0.402,0.404,0.405,0.407,0.408,0.409,0.41,0.411,0.413,0.414,0.416,0.417,0.42,0.421,0.422,0.425,0.426,0.428,0.43,0.433,0.435,0.436,0.439,0.44,0.442,0.444,0.446,0.449,0.451,0.453,0.455,0.456,0.459,0.46,0.462,0.463,0.463,0.466,0.468,0.471,0.472,0.473,0.476,0.478,0.479,0.481,0.482,0.484,0.486,0.487,0.489,0.49,0.492,0.493,0.494,0.495,0.496,0.497,0.499,0.499,0.5,0.501,0.501,0.502,0.503,0.504,0.505,0.505,0.505,0.505,0.507,0.507,0.507,0.508,0.509,0.509,0.51,0.51,0.511,0.512,0.512,0.512,0.513,0.514,0.514,0.515,0.517,0.517,0.516,0.515,0.515,0.515,0.514,0.514,0.514
Vopale,0.394,0.394,0.394,0.394,0.395,0.395,0.396,0.396,0.396,0.396,0.397,0.398,0.399,0.399,0.4,0.4,0.401,0.402,0.403,0.405,0.406,0.407,0.409,0.41,0.412,0.413,0.415,0.416,0.418,0.42,0.421,0.423,0.425,0.427,0.429,0.431,0.433,0.434,0.437,0.438,0.441,0.443,0.445,0.447,0.449,0.452,0.453,0.455,0.457,0.458,0.46,0.461,0.462,0.464,0.467,0.469,0.47,0.471,0.474,0.475,0.476,0.479,0.481,0.483,0.484,0.485,0.487,0.488,0.489,0.49,0.49,0.492,0.494,0.495,0.496,0.497,0.497,0.498,0.498,0.499,0.5,0.501,0.501,0.502,0.503,0.503,0.503,0.503,0.504,0.504,0.505,0.505,0.505,0.505,0.507,0.507,0.506,0.508,0.509,0.509,0.51,0.51,0.511,0.512,0.513,0.512,0.51,0.511,0.511,0.51,0.51
Vopale,0.379,0.382,0.385,0.387,0.391,0.393,0.395,0.397,0.4,0.403,0.405,0.407,0.41,0.412,0.414,0.417,0.419,0.422,0.424,0.427,0.429,0.433,0.435,0.437,0.44,0.442,0.445,0.448,0.451,0.453,0.455,0.459,0.461,0.464,0.466,0.469,0.472,0.475,0.478,0.48,0.483,0.486,0.488,0.491,0.493,0.497,0.499,0.501,0.503,0.506,0.508,0.51,0.511,0.513,0.516,0.518,0.519,0.521,0.524,0.525,0.527,0.529,0.531,0.533,0.534,0.536,0.537,0.538,0.539,0.54,0.541,0.542,0.544,0.545,0.546,0.546,0.546,0.546,0.547,0.548,0.548,0.548,0.549,0.549,0.549,0.55,0.55,0.55,0.551,0.551,0.551,0.551,0.55,0.55,0.551,0.551,0.551,0.552,0.553,0.553,0.554,0.555,0.556,0.556,0.556,0.555,0.555,0.554,0.553,0.553,0.552
Vopale,0.404,0.403,0.403,0.403,0.402,0.402,0.402,0.401,0.401,0.401,0.402,0.402,0.402,0.402,0.402,0.403,0.404,0.404,0.404,0.405,0.406,0.408,0.408,0.409,0.41,0.411,0.413,0.414,0.416,0.417,0.418,0.42,0.421,0.423,0.424,0.426,0.428,0.429,0.431,0.433,0.435,0.437,0.438,0.44,0.442,0.444,0.446,0.447,0.449,0.451,0.452,0.453,0.454,0.456,0.458,0.459,0.46,0.462,0.464,0.465,0.466,0.468,0.47,0.472,0.472,0.474,0.475,0.476,0.477,0.479,0.48,0.481,0.481,0.481,0.482,0.483,0.484,0.484,0.485,0.486,0.487,0.486,0.486,0.487,0.488,0.488,0.488,0.489,0.489,0.49,0.49,0.49,0.491,0.49,0.49,0.49,0.491,0.492,0.492,0.492,0.493,0.493,0.494,0.495,0.495,0.494,0.493,0.493,0.493,0.493,0.492
Vopale,0.359,0.36,0.363,0.365,0.367,0.368,0.37,0.371,0.373,0.375,0.377,0.378,0.38,0.382,0.383,0.385,0.386,0.388,0.39,0.392,0.393,0.396,0.397,0.398,0.401,0.402,0.405,0.407,0.409,0.41,0.412,0.414,0.416,0.418,0.42,0.422,0.424,0.426,0.428,0.43,0.433,0.434,0.436,0.438,0.44,0.442,0.444,0.446,0.448,0.449,0.451,0.452,0.453,0.455,0.457,0.459,0.46,0.462,0.465,0.466,0.467,0.469,0.471,0.472,0.473,0.474,0.476,0.477,0.478,0.479,0.48,0.481,0.483,0.483,0.484,0.485,0.486,0.487,0.488,0.488,0.489,0.489,0.489,0.49,0.49,0.49,0.491,0.491,0.492,0.492,0.492,0.493,0.493,0.493,0.494,0.494,0.494,0.495,0.495,0.496,0.496,0.497,0.497,0.498,0.498,0.498,0.497,0.497,0.497,0.496,0.496
Vopale,0.543,0.543,0.543,0.543,0.544,0.544,0.544,0.544,0.544,0.544,0.545,0.546,0.547,0.547,0.547,0.548,0.549,0.549,0.55,0.551,0.552,0.554,0.555,0.556,0.558,0.559,0.56,0.561,0.563,0.564,0.566,0.568,0.569,0.572,0.573,0.575,0.577,0.578,0.581,0.582,0.584,0.586,0.587,0.591,0.592,0.594,0.596,0.597,0.6,0.602,0.604,0.605,0.606,0.608,0.61,0.613,0.614,0.616,0.618,0.62,0.622,0.625,0.627,0.629,0.631,0.632,0.633,0.634,0.635,0.637,0.637,0.639,0.639,0.64,0.641,0.641,0.642,0.642,0.643,0.645,0.645,0.645,0.646,0.647,0.647,0.648,0.649,0.649,0.65,0.65,0.651,0.652,0.654,0.655,0.656,0.655,0.656,0.657,0.656,0.656,0.655,0.654,0.654,0.654,0.654,0.653,0.653,0.652,0.651,0.651,0.651
Vopale,0.601,0.601,0.6,0.6,0.6,0.599,0.599,0.599,0.598,0.598,0.598,0.598,0.599,0.599,0.599,0.598,0.598,0.599,0.599,0.6,0.601,0.601,0.602,0.603,0.604,0.605,0.606,0.607,0.608,0.609,0.611,0.613,0.614,0.616,0.617,0.619,0.62,0.621,0.623,0.625,0.627,0.629,0.631,0.633,0.634,0.637,0.638,0.639,0.642,0.643,0.645,0.646,0.647,0.649,0.651,0.654,0.655,0.656,0.659,0.66,0.662,0.665,0.668,0.669,0.67,0.671,0.672,0.673,0.674,0.674,0.676,0.677,0.678,0.679,0.68,0.68,0.681,0.682,0.683,0.683,0.683,0.684,0.684,0.685,0.685,0.686,0.686,0.687,0.688,0.689,0.69,0.692,0.693,0.693,0.694,0.694,0.694,0.693,0.692,0.692,0.692,0.692,0.692,0.691,0.691,0.691,0.691,0.691,0.69,0.689,0.689
Vopale,0.592,0.592,0.592,0.593,0.594,0.594,0.594,0.594,0.595,0.595,0.596,0.597,0.598,0.599,0.599,0.6,0.601,0.602,0.603,0.604,0.605,0.607,0.608,0.61,0.612,0.613,0.615,0.617,0.619,0.621,0.622,0.625,0.627,0.63,0.631,0.633,0.635,0.638,0.64,0.642,0.646,0.647,0.649,0.652,0.654,0.657,0.659,0.661,0.665,0.667,0.669,0.671,0.673,0.676,0.678,0.682,0.684,0.686,0.689,0.692,0.695,0.699,0.701,0.704,0.706,0.707,0.71,0.711,0.713,0.715,0.716,0.717,0.72,0.721,0.722,0.723,0.724,0.726,0.728,0.73,0.731,0.732,0.733,0.734,0.736,0.737,0.738,0.739,0.74,0.741,0.743,0.744,0.746,0.748,0.749,0.749,0.75,0.751,0.751,0.751,0.751,0.751,0.751,0.752,0.751,0.751,0.751,0.751,0.751,0.751,0.75
Vopale,0.586,0.586,0.586,0.586,0.587,0.588,0.588,0.588,0.589,0.589,0.59,0.59,0.592,0.592,0.593,0.594,0.594,0.596,0.597,0.598,0.599,0.601,0.602,0.604,0.606,0.608,0.61,0.611,0.614,0.616,0.617,0.62,0.622,0.624,0.627,0.63,0.631,0.633,0.636,0.638,0.641,0.643,0.645,0.648,0.651,0.654,0.656,0.658,0.662,0.664,0.667,0.669,0.671,0.674,0.675,0.679,0.681,0.683,0.688,0.691,0.694,0.697,0.699,0.702,0.703,0.705,0.708,0.709,0.711,0.713,0.714,0.714,0.716,0.718,0.721,0.722,0.723,0.724,0.725,0.726,0.727,0.728,0.729,0.73,0.731,0.732,0.734,0.735,0.736,0.737,0.738,0.739,0.741,0.741,0.741,0.741,0.741,0.741,0.741,0.741,0.741,0.739,0.739,0.738,0.738,0.737,0.737,0.736,0.733,0.733,0.732
Vopale,0.582,0.582,0.582,0.582,0.582,0.582,0.583,0.583,0.583,0.584,0.584,0.585,0.585,0.585,0.586,0.586,0.587,0.588,0.589,0.59,0.591,0.592,0.593,0.594,0.596,0.596,0.598,0.599,0.601,0.603,0.604,0.606,0.607,0.609,0.611,0.613,0.614,0.616,0.618,0.62,0.623,0.624,0.626,0.628,0.63,0.632,0.633,0.635,0.637,0.638,0.64,0.641,0.643,0.645,0.647,0.649,0.65,0.652,0.654,0.656,0.658,0.661,0.663,0.665,0.666,0.667,0.669,0.67,0.67,0.671,0.672,0.672,0.673,0.674,0.675,0.675,0.676,0.677,0.678,0.678,0.68,0.68,0.68,0.68,0.681,0.682,0.683,0.682,0.682,0.683,0.684,0.685,0.687,0.687,0.687,0.686,0.686,0.686,0.685,0.685,0.684,0.684,0.683,0.683,0.682,0.681,0.681,0.68,0.68,0.679,0.678
Vopale,0.569,0.569,0.57,0.57,0.57,0.571,0.571,0.571,0.571,0.571,0.571,0.572,0.573,0.573,0.574,0.574,0.575,0.576,0.576,0.577,0.579,0.58,0.581,0.582,0.584,0.585,0.586,0.587,0.59,0.591,0.593,0.594,0.596,0.598,0.6,0.603,0.604,0.605,0.607,0.609,0.612,0.614,0.615,0.618,0.62,0.622,0.623,0.625,0.628,0.629,0.631,0.632,0.633,0.635,0.637,0.64,0.641,0.643,0.646,0.648,0.65,0.653,0.654,0.656,0.657,0.658,0.66,0.661,0.663,0.663,0.664,0.665,0.666,0.667,0.668,0.67,0.67,0.671,0.671,0.672,0.673,0.673,0.673,0.675,0.675,0.676,0.677,0.678,0.678,0.68,0.681,0.681,0.682,0.683,0.682,0.683,0.683,0.683,0.683,0.683,0.682,0.682,0.682,0.682,0.682,0.681,0.681,0.68,0.68,0.679,0.679
Vopale,0.555,0.555,0.556,0.556,0.557,0.557,0.558,0.558,0.559,0.559,0.56,0.56,0.562,0.562,0.563,0.564,0.565,0.565,0.566,0.568,0.569,0.57,0.572,0.573,0.574,0.576,0.578,0.579,0.581,0.582,0.584,0.586,0.587,0.588,0.59,0.592,0.593,0.595,0.596,0.597,0.599,0.601,0.602,0.604,0.606,0.608,0.61,0.611,0.612,0.613,0.615,0.615,0.615,0.616,0.617,0.619,0.62,0.62,0.622,0.623,0.624,0.625,0.626,0.626,0.626,0.625,0.624,0.624,0.624,0.623,0.623,0.622,0.622,0.621,0.62,0.621,0.62,0.618,0.618,0.617,0.616,0.615,0.615,0.614,0.613,0.613,0.611,0.61,0.609,0.608,0.608,0.608,0.607,0.606,0.604,0.601,0.6,0.598,0.595,0.593,0.592,0.59,0.588,0.586,0.583,0.58,0.579,0.576,0.573,0.571,0.57
Vopale,0.535,0.536,0.535,0.535,0.536,0.536,0.536,0.536,0.537,0.537,0.538,0.538,0.539,0.539,0.54,0.541,0.541,0.542,0.543,0.544,0.545,0.546,0.547,0.548,0.55,0.551,0.553,0.554,0.556,0.557,0.558,0.56,0.562,0.564,0.565,0.567,0.569,0.571,0.573,0.575,0.577,0.579,0.58,0.583,0.585,0.587,0.589,0.59,0.593,0.594,0.596,0.597,0.598,0.601,0.603,0.605,0.607,0.608,0.61,0.613,0.615,0.618,0.619,0.622,0.624,0.625,0.626,0.627,0.628,0.63,0.631,0.631,0.633,0.634,0.635,0.635,0.635,0.636,0.637,0.639,0.639,0.64,0.64,0.64,0.641,0.642,0.643,0.643,0.643,0.644,0.645,0.646,0.647,0.648,0.648,0.648,0.648,0.649,0.648,0.648,0.647,0.646,0.647,0.646,0.646,0.645,0.644,0.644,0.643,0.642,0.642
Vopale,0.514,0.515,0.517,0.518,0.519,0.52,0.521,0.522,0.523,0.524,0.526,0.526,0.527,0.529,0.529,0.531,0.532,0.533,0.534,0.536,0.537,0.538,0.54,0.542,0.544,0.545,0.547,0.549,0.551,0.552,0.554,0.556,0.557,0.56,0.561,0.564,0.566,0.568,0.57,0.572,0.574,0.576,0.578,0.58,0.583,0.585,0.587,0.588,0.59,0.592,0.594,0.596,0.596,0.599,0.602,0.604,0.605,0.607,0.61,0.612,0.614,0.617,0.619,0.62,0.621,0.622,0.624,0.625,0.627,0.628,0.629,0.63,0.632,0.633,0.634,0.635,0.636,0.637,0.637,0.637,0.638,0.639,0.639,0.64,0.641,0.642,0.643,0.644,0.645,0.646,0.647,0.648,0.649,0.65,0.651,0.651,0.651,0.651,0.651,0.651,0.65,0.65,0.65,0.649,0.65,0.649,0.649,0.649,0.648,0.648,0.648
Vopale,0.585,0.585,0.585,0.585,0.585,0.585,0.585,0.585,0.585,0.586,0.586,0.587,0.588,0.588,0.588,0.589,0.589,0.59,0.591,0.592,0.593,0.595,0.596,0.597,0.599,0.6,0.601,0.603,0.605,0.606,0.607,0.609,0.611,0.612,0.614,0.617,0.618,0.62,0.623,0.624,0.627,0.628,0.63,0.633,0.634,0.637,0.639,0.641,0.642,0.644,0.645,0.646,0.648,0.651,0.653,0.655,0.656,0.658,0.661,0.663,0.665,0.668,0.67,0.673,0.674,0.675,0.676,0.678,0.678,0.679,0.68,0.68,0.682,0.683,0.684,0.684,0.685,0.686,0.687,0.688,0.689,0.689,0.689,0.689,0.69,0.692,0.691,0.691,0.691,0.693,0.694,0.695,0.696,0.697,0.698,0.696,0.696,0.696,0.696,0.695,0.695,0.695,0.695,0.695,0.694,0.692,0.692,0.691,0.69,0.69,0.689
Vopale,0.58,0.581,0.585,0.587,0.589,0.591,0.593,0.594,0.597,0.598,0.601,0.602,0.604,0.605,0.606,0.607,0.608,0.61,0.611,0.613,0.614,0.616,0.618,0.619,0.621,0.623,0.624,0.626,0.628,0.63,0.632,0.634,0.635,0.637,0.639,0.641,0.643,0.645,0.648,0.649,0.652,0.654,0.656,0.659,0.66,0.662,0.664,0.666,0.669,0.67,0.673,0.675,0.676,0.679,0.681,0.684,0.686,0.688,0.691,0.693,0.695,0.698,0.7,0.703,0.705,0.706,0.708,0.709,0.71,0.711,0.712,0.714,0.716,0.718,0.719,0.72,0.72,0.721,0.722,0.723,0.724,0.725,0.725,0.727,0.729,0.73,0.731,0.732,0.733,0.735,0.736,0.738,0.741,0.741,0.742,0.743,0.743,0.743,0.743,0.744,0.744,0.744,0.744,0.744,0.745,0.745,0.746,0.746,0.745,0.744,0.744
Vopale,0.591,0.591,0.592,0.592,0.593,0.594,0.594,0.595,0.596,0.596,0.597,0.598,0.6,0.601,0.601,0.602,0.603,0.605,0.606,0.608,0.61,0.612,0.613,0.615,0.617,0.619,0.621,0.623,0.625,0.627,0.629,0.632,0.634,0.637,0.639,0.643,0.645,0.647,0.65,0.653,0.656,0.658,0.66,0.664,0.667,0.67,0.673,0.675,0.679,0.682,0.684,0.686,0.688,0.691,0.694,0.698,0.7,0.703,0.706,0.71,0.713,0.717,0.719,0.723,0.724,0.726,0.728,0.73,0.731,0.733,0.735,0.737,0.739,0.74,0.742,0.744,0.745,0.746,0.747,0.748,0.749,0.749,0.75,0.752,0.753,0.754,0.756,0.757,0.757,0.758,0.759,0.759,0.76,0.761,0.761,0.76,0.76,0.76,0.759,0.759,0.758,0.755,0.754,0.754,0.754,0.752,0.75,0.748,0.747,0.745,0.744
Vopale,0.568,0.568,0.568,0.568,0.568,0.568,0.568,0.569,0.569,0.569,0.57,0.57,0.57,0.57,0.571,0.572,0.572,0.573,0.574,0.576,0.576,0.577,0.578,0.58,0.582,0.582,0.583,0.585,0.587,0.588,0.589,0.591,0.592,0.595,0.596,0.598,0.599,0.601,0.603,0.605,0.607,0.609,0.61,0.613,0.615,0.617,0.619,0.62,0.623,0.624,0.625,0.626,0.628,0.63,0.632,0.634,0.636,0.638,0.64,0.642,0.644,0.646,0.648,0.65,0.651,0.652,0.653,0.654,0.656,0.657,0.657,0.658,0.66,0.66,0.66,0.661,0.663,0.664,0.664,0.664,0.666,0.666,0.667,0.667,0.667,0.669,0.669,0.669,0.669,0.67,0.671,0.672,0.673,0.673,0.674,0.673,0.674,0.674,0.673,0.672,0.672,0.671,0.671,0.671,0.67,0.67,0.669,0.668,0.667,0.667,0.666
Vopale,0.469,0.47,0.472,0.474,0.477,0.478,0.48,0.482,0.484,0.486,0.488,0.489,0.492,0.493,0.494,0.496,0.498,0.5,0.501,0.504,0.505,0.508,0.51,0.511,0.514,0.516,0.518,0.52,0.522,0.524,0.526,0.529,0.531,0.533,0.535,0.538,0.539,0.541,0.544,0.546,0.548,0.551,0.553,0.555,0.557,0.56,0.561,0.563,0.566,0.567,0.569,0.571,0.572,0.574,0.576,0.578,0.58,0.582,0.585,0.587,0.588,0.59,0.592,0.594,0.596,0.597,0.598,0.599,0.6,0.6,0.601,0.603,0.604,0.605,0.606,0.606,0.607,0.608,0.609,0.609,0.61,0.611,0.611,0.611,0.612,0.612,0.612,0.613,0.613,0.615,0.616,0.618,0.619,0.618,0.618,0.619,0.619,0.619,0.617,0.617,0.617,0.616,0.616,0.616,0.615,0.615,0.615,0.614,0.613,0.612,0.612
Vopale,0.59,0.59,0.59,0.59,0.589,0.589,0.589,0.589,0.589,0.589,0.59,0.59,0.59,0.591,0.591,0.592,0.592,0.592,0.593,0.595,0.596,0.596,0.597,0.599,0.6,0.601,0.603,0.604,0.605,0.606,0.608,0.611,0.612,0.614,0.616,0.618,0.619,0.621,0.623,0.625,0.628,0.629,0.631,0.634,0.636,0.638,0.639,0.641,0.643,0.645,0.647,0.648,0.65,0.652,0.654,0.656,0.658,0.66,0.662,0.664,0.666,0.669,0.671,0.673,0.674,0.675,0.676,0.678,0.678,0.679,0.68,0.681,0.682,0.683,0.684,0.684,0.685,0.685,0.687,0.687,0.689,0.689,0.689,0.689,0.69,0.691,0.691,0.692,0.692,0.694,0.695,0.697,0.698,0.699,0.699,0.698,0.698,0.698,0.697,0.696,0.696,0.696,0.696,0.695,0.695,0.695,0.695,0.694,0.693,0.693,0.693
