Class,950,952,954,956,958,960,962,964,966,968,970,972,974,976,978,980,982,984,986,988,990,992,994,996,998,1000,1002,1004,1006,1008,1010,1012,1014,1016,1018,1020,1022,1024,1026,1028,1030,1032,1034,1036,1038,1040,1042,1044,1046,1048,1050,1052,1054,1056,1058,1060,1062,1064,1066,1068,1070,1072,1074,1076,1078,1080,1082,1084,1086,1088,1090,1092,1094,1096,1098,1100,1102,1104,1106,1108,1110,1112,1114,1116,1118,1120,1122,1124,1126,1128,1130,1132,1134,1136,1138,1140,1142,1144,1146,1148,1150,1152,1154,1156,1158,1160,1162,1164,1166,1168,1170,1172,1174,1176,1178,1180,1182,1184,1186,1188,1190,1192,1194,1196,1198,1200,1202,1204,1206,1208,1210,1212,1214,1216,1218,1220,1222,1224,1226,1228,1230,1232,1234,1236,1238,1240,1242,1244,1246,1248,1250,1252,1254,1256,1258,1260,1262,1264,1266,1268,1270,1272,1274,1276,1278,1280,1282,1284,1286,1288,1290,1292,1294,1296,1298,1300,1302,1304,1306,1308,1310,1312,1314,1316,1318,1320,1322,1324,1326,1328,1330,1332,1334,1336,1338,1340,1342,1344,1346,1348,1350,1352,1354,1356,1358,1360,1362,1364,1366,1368,1370,1372,1374,1376,1378,1380,1382,1384,1386,1388,1390,1392,1394,1396,1398,1400,1402,1404,1406,1408,1410,1412,1414,1416,1418,1420,1422,1424,1426,1428,1430,1432,1434,1436,1438,1440,1442,1444,1446,1448,1450,1452,1454,1456,1458,1460,1462,1464,1466,1468,1470,1472,1474,1476,1478,1480,1482,1484,1486,1488,1490,1492,1494,1496,1498,1500,1502,1504,1506,1508,1510,1512,1514,1516,1518,1520,1522,1524,1526,1528,1530,1532,1534,1536,1538,1540,1542,1544,1546,1548,1550,1552,1554,1556,1558,1560,1562,1564,1566,1568,1570,1572,1574,1576,1578,1580,1582,1584,1586,1588,1590,1592,1594,1596,1598,1600,1602,1604,1606,1608,1610,1612,1614,1616,1618,1620,1622,1624,1626,1628,1630,1632,1634,1636,1638,1640,1642,1644,1646,1648,1650
V100,0.70453137,0.70582581,0.70709801,0.70835376,0.7095983,0.71082389,0.71199542,0.71321541,0.71450275,0.71582729,0.71711892,0.71838069,0.7196762,0.72098505,0.72226256,0.7234863,0.72473359,0.72598237,0.72719491,0.7284435,0.72968978,0.73093742,0.73210406,0.73323441,0.73448569,0.73581529,0.73725611,0.73866475,0.7399044,0.74108183,0.74215132,0.74316061,0.74419492,0.74529159,0.74645841,0.74768353,0.74887878,0.74998194,0.75106502,0.75210387,0.75312757,0.75419003,0.75527757,0.75639725,0.75743252,0.75844353,0.7593661,0.76024944,0.76113838,0.76209164,0.7630986,0.76411617,0.76516736,0.76626998,0.76740384,0.76852012,0.76960534,0.77066344,0.77167708,0.77266133,0.7736764,0.77467501,0.77560884,0.77656829,0.77757609,0.77860302,0.77970886,0.78086728,0.78202152,0.78303647,0.78395355,0.78483647,0.78578097,0.78678107,0.78786916,0.78910309,0.79032004,0.7914573,0.79250968,0.79354662,0.79462612,0.79568917,0.79672283,0.79774344,0.79878962,0.79988074,0.80104148,0.80239522,0.80377871,0.80516499,0.80642307,0.80756599,0.80869961,0.8098439,0.8110503,0.81231546,0.81357372,0.8147521,0.81590611,0.817056,0.81828982,0.81965864,0.82112873,0.82273203,0.8243916,0.82610267,0.82791841,0.82964355,0.83125156,0.83261555,0.83390313,0.83526748,0.83666557,0.83818746,0.83979374,0.84137613,0.84294677,0.84454346,0.84631926,0.84815133,0.85000408,0.851529,0.85278106,0.85371995,0.85443377,0.85497451,0.8554284,0.85582894,0.85615528,0.85638058,0.85655957,0.85680819,0.85708123,0.8574003,0.85778403,0.8582018,0.85872608,0.85938638,0.86017483,0.86109763,0.86199415,0.86285633,0.86367482,0.86447972,0.86527467,0.86618358,0.86714351,0.8681193,0.86908448,0.87005591,0.8710925,0.87219077,0.8733027,0.87440181,0.87544906,0.87640142,0.87736338,0.87834817,0.87938279,0.88049901,0.88154989,0.88257223,0.88359684,0.88465059,0.88573998,0.88686758,0.88803238,0.88911659,0.89014739,0.8912102,0.8923434,0.89346564,0.89450294,0.89549083,0.89646578,0.8975032,0.89856869,0.89968878,0.90073109,0.90167314,0.90258825,0.90354991,0.9046579,0.9058159,0.90697467,0.9080748,0.90906769,0.90998858,0.91093093,0.911901,0.91288298,0.91386849,0.91483796,0.91589063,0.91701096,0.91814607,0.919267,0.92038494,0.92145109,0.92260373,0.92386782,0.92529166,0.92676282,0.92819035,0.92964321,0.93107849,0.93264782,0.93431765,0.9360429,0.93770289,0.93939155,0.94109231,0.94287449,0.9447819,0.94667351,0.94846261,0.95006126,0.95154339,0.95290589,0.95420969,0.95547348,0.956698,0.95779771,0.95883489,0.95989364,0.96100122,0.96210563,0.96324551,0.96434069,0.96538234,0.96634263,0.96734387,0.96837431,0.96943372,0.97050691,0.97154033,0.97254348,0.97356796,0.97449619,0.97523797,0.97579312,0.97613817,0.97642016,0.97672182,0.97730118,0.97794545,0.97847694,0.97893983,0.97938299,0.97988856,0.98042238,0.98104227,0.98177654,0.9825176,0.9832626,0.9841215,0.9850114,0.9858759,0.98662513,0.98730427,0.98801488,0.98878288,0.98957574,0.99039936,0.99115771,0.99196202,0.99284476,0.99379188,0.99481499,0.9957546,0.99662441,0.99736506,0.99805737,0.99874157,0.99938107,0.99998593,1.00070703,1.0017091,1.00285017,1.00401568,1.00502753,1.0059129,1.00665271,1.00728655,1.00797486,1.00873232,1.00951648,1.0103209,1.01125121,1.01231933,1.01334965,1.01432359,1.01530254,1.01632082,1.01731431,1.01841056,1.01950014,1.02052534,1.02138937,1.0222646,1.02323198,1.02436376,1.02551854,1.02672648,1.0279783,1.02912986,1.03025043,1.03136492,1.03252637,1.03363585,1.03472877,1.03598893,1.03737354,1.03880227,1.04014266,1.04146624,1.04261672,1.04387283,1.04510939,1.04634178,1.04737663,1.04833162,1.04924369,1.05034435,1.05155075,1.05274117,1.05391288,1.05517209,1.05647135,1.05787253,1.05929041,1.06054282,1.06153488,1.06252515,1.06360686,1.06488442,1.06643748,1.06795156,1.06911182,1.07029223,1.07148695,1.07273436,1.07398844,1.07521236,1.07649183,1.07798338,1.07977736,1.0817126,1.08390594,1.08673489,1.09010112
V100,0.70272815,0.70400643,0.70524675,0.70644432,0.70760369,0.70873827,0.7098037,0.71083868,0.71192855,0.71302801,0.71416891,0.71539778,0.71674401,0.71797711,0.71901977,0.72010493,0.72129381,0.72243357,0.72353578,0.72475243,0.72598618,0.72722203,0.72839355,0.72952372,0.73072535,0.73198974,0.73325872,0.73450297,0.73563892,0.73673517,0.73787791,0.73902017,0.74016136,0.74129075,0.74240905,0.74343008,0.74444622,0.74552816,0.74665505,0.74791497,0.74916834,0.75030887,0.751396,0.75239241,0.75338751,0.75435996,0.75530583,0.75630355,0.75741434,0.75850385,0.75947797,0.760454,0.76148182,0.76243156,0.76330638,0.76435941,0.7655344,0.76679033,0.76790917,0.76903498,0.77016973,0.77119023,0.77211881,0.77314591,0.77435094,0.77555954,0.77681398,0.77808559,0.7791661,0.78016192,0.78107905,0.78206897,0.78306788,0.7840637,0.78515756,0.78633279,0.78744656,0.78855276,0.78975594,0.79095697,0.7920174,0.79305577,0.79410082,0.7951501,0.7962141,0.797288,0.79843551,0.79970926,0.80108154,0.8026129,0.80407995,0.80550945,0.80681211,0.80805808,0.80919814,0.81028104,0.81141853,0.81261641,0.81385165,0.81518692,0.81662065,0.81805426,0.81951666,0.82100827,0.82259995,0.82429945,0.82617563,0.82800788,0.8297419,0.83124912,0.83269054,0.83419883,0.83570015,0.83723599,0.83883184,0.84044325,0.84204316,0.84366107,0.84543365,0.84720975,0.84887081,0.85017693,0.85129708,0.85224617,0.85301697,0.85367376,0.85425925,0.85467643,0.85499996,0.85523432,0.85551822,0.8558135,0.85609049,0.85636586,0.85670108,0.85707384,0.85751319,0.85811478,0.85883355,0.85960305,0.86030775,0.86099792,0.86176342,0.86259359,0.86343831,0.86442041,0.86547369,0.86645961,0.86732537,0.86814612,0.86905432,0.86999208,0.87098724,0.87211013,0.87319815,0.8741141,0.87501019,0.8759048,0.87684107,0.87784147,0.87891185,0.88004458,0.88110369,0.88215047,0.8832038,0.88425744,0.88531882,0.88633889,0.88735771,0.88841218,0.88948941,0.89058095,0.89167827,0.89274043,0.89376736,0.89480019,0.89582098,0.89678895,0.89770114,0.89862567,0.89964533,0.90071863,0.90191329,0.90309286,0.90418416,0.90524089,0.906299,0.90732485,0.90827101,0.90922076,0.9101845,0.91112435,0.9120636,0.91311449,0.91425437,0.91540939,0.91652942,0.91765028,0.9188261,0.92007297,0.92135626,0.92270517,0.92410254,0.92551053,0.9269082,0.92832524,0.92986834,0.93152571,0.93328005,0.93505532,0.93680316,0.93848044,0.94016784,0.9419015,0.94374049,0.94555587,0.94729096,0.94886965,0.95027423,0.95158702,0.95284128,0.95406252,0.9551999,0.95625794,0.95724654,0.95826232,0.95931548,0.96045679,0.96154523,0.96260637,0.96359605,0.96460164,0.96559995,0.96663982,0.96769553,0.96869397,0.96960396,0.97049481,0.97134662,0.9720732,0.97267431,0.97316724,0.97354859,0.97385401,0.97418255,0.97455913,0.97502881,0.97561908,0.97633755,0.97704375,0.97762591,0.97813857,0.97865498,0.97927731,0.98006546,0.98097372,0.9818756,0.98260826,0.98335576,0.98414123,0.98491877,0.98566908,0.9864617,0.98724467,0.98797166,0.98872155,0.98958731,0.99043757,0.99118978,0.99201477,0.99294281,0.99382842,0.99440777,0.99505186,0.9958595,0.99663132,0.9974218,0.99852121,0.99958372,1.00039697,1.00105584,1.00190449,1.00271809,1.00348556,1.00439608,1.00536978,1.00611675,1.00673759,1.00742877,1.00825226,1.00914431,1.01015329,1.01124585,1.01220953,1.01307571,1.01385343,1.01468015,1.01552939,1.01650298,1.01764166,1.01885223,1.01996875,1.02110362,1.02222645,1.02323985,1.02427721,1.02531683,1.02623367,1.0273906,1.02859879,1.02958989,1.03051925,1.03162575,1.03276539,1.03395498,1.03539181,1.0366466,1.03767216,1.03862739,1.0395478,1.04047477,1.04152799,1.0426296,1.04395461,1.04522491,1.0462662,1.04717624,1.04813421,1.04898465,1.04990041,1.05111194,1.05242789,1.05379176,1.05527985,1.05659008,1.05771613,1.05925357,1.06054342,1.06135261,1.06219602,1.062989,1.06376028,1.06477845,1.06603527,1.0673449,1.06894946,1.07084048,1.07282066,1.07504618,1.07790279,1.08129072
V100,0.70323884,0.70434606,0.70546305,0.70658714,0.7077195,0.70886672,0.70998055,0.71105486,0.71213257,0.71320486,0.7143603,0.71560329,0.71697605,0.7183243,0.71957242,0.72076201,0.72193402,0.72310156,0.72429436,0.72563362,0.72695744,0.72822988,0.72937298,0.73042601,0.73156446,0.73278219,0.73415077,0.73549581,0.73667067,0.73779368,0.73877877,0.73971146,0.74078703,0.74193794,0.74316865,0.744344,0.74548191,0.74654204,0.74757123,0.74862242,0.74969953,0.7507962,0.75184184,0.75282246,0.75378186,0.75473756,0.7556923,0.75665945,0.75770634,0.75873888,0.7596274,0.7604779,0.76138711,0.76242769,0.76352185,0.7647137,0.76592243,0.7670961,0.7681877,0.7692681,0.77041745,0.77154469,0.7725538,0.77354473,0.77454901,0.77557868,0.77670848,0.77786231,0.77897102,0.77999663,0.78093553,0.78183287,0.78276348,0.78375524,0.78478259,0.78583878,0.78691345,0.78800404,0.78917599,0.79037702,0.79156995,0.79273266,0.79384881,0.79489422,0.79592091,0.79698563,0.79813164,0.79944611,0.80076426,0.80207491,0.80336016,0.80463737,0.80590242,0.80715841,0.80848044,0.80979949,0.81104648,0.81213099,0.81322187,0.81445771,0.81578183,0.81721342,0.81872165,0.82028919,0.8218714,0.82345092,0.82513702,0.82680577,0.8283875,0.82981938,0.83123255,0.8326928,0.83418828,0.83583313,0.83752656,0.83914971,0.8407129,0.84227663,0.8440004,0.84575546,0.84748763,0.84893394,0.85015512,0.85104096,0.85173607,0.8523249,0.85287184,0.85341519,0.85379291,0.85402274,0.85419846,0.85441118,0.85462356,0.85495305,0.85536104,0.85571897,0.85614514,0.85673791,0.85751832,0.85844338,0.85931522,0.86014718,0.86086804,0.86154681,0.86223644,0.86314541,0.86413324,0.86508781,0.86597192,0.86680818,0.86769229,0.86860591,0.86958772,0.87063801,0.87167072,0.87265515,0.87367386,0.8748247,0.87595755,0.87703484,0.87801301,0.87893611,0.87985092,0.88083255,0.88191366,0.88306004,0.8842119,0.88518059,0.88609362,0.88702333,0.88812232,0.88924044,0.89030856,0.89133376,0.89233226,0.89335984,0.89444387,0.8956148,0.89674056,0.8977769,0.89872307,0.89969242,0.90074843,0.90185243,0.90297759,0.90404183,0.90498501,0.90584177,0.90667248,0.9075368,0.9084568,0.90939933,0.91033828,0.91132927,0.9124347,0.91367018,0.91491073,0.91615862,0.91728437,0.91840333,0.91952765,0.92089373,0.92235863,0.9238475,0.92531461,0.92672974,0.92824948,0.9298479,0.93152237,0.93319553,0.93489772,0.93659639,0.93836778,0.94024539,0.9421134,0.94390357,0.94549829,0.94696242,0.94831377,0.94963109,0.95090747,0.95213908,0.95322782,0.95424491,0.95520961,0.95623469,0.95730066,0.95846403,0.95963252,0.96078986,0.96184081,0.96287155,0.96387237,0.96483082,0.9657408,0.96656638,0.96741271,0.9683097,0.96916533,0.96992236,0.97057766,0.9710176,0.97137731,0.97173285,0.97218895,0.97264963,0.9730283,0.97355032,0.97424102,0.97500998,0.97568583,0.97633725,0.9768275,0.97732466,0.97794211,0.9788627,0.97984493,0.9806971,0.98146337,0.98217493,0.98282218,0.98348325,0.98417848,0.98488039,0.98558021,0.98643374,0.98747998,0.98852253,0.9895758,0.99044013,0.99121112,0.9918434,0.99251181,0.99323922,0.9939791,0.99463075,0.99531621,0.99615008,0.99724096,0.99837768,0.99944317,1.00041008,1.00121152,1.00182533,1.00247216,1.0031575,1.0038166,1.00441754,1.00521469,1.00630033,1.00748277,1.00871408,1.00982845,1.01068783,1.01149952,1.01244795,1.01341414,1.01434088,1.01518357,1.01600897,1.01687694,1.01791918,1.01900899,1.02008986,1.02120042,1.02231848,1.02343237,1.0245229,1.02553272,1.02642643,1.02736354,1.02856147,1.03010511,1.03188288,1.03340793,1.03469539,1.03547657,1.03626645,1.03713846,1.03840065,1.03962481,1.04069865,1.04168487,1.04282522,1.044047,1.04525697,1.04628706,1.04719031,1.04819202,1.04962552,1.0511713,1.05256128,1.05368054,1.05443275,1.05506313,1.05580938,1.05696142,1.05814147,1.05920732,1.06065273,1.06228232,1.06385469,1.06532991,1.06662405,1.06775928,1.06884289,1.07028556,1.07205296,1.07444012,1.07734621,1.0807426
V100,0.70205361,0.70340234,0.70471603,0.7059918,0.70723355,0.70845264,0.70958471,0.7105912,0.7115944,0.71264195,0.71382695,0.71509063,0.71647668,0.71780747,0.71900964,0.72011709,0.72120041,0.72232825,0.72353321,0.72489333,0.72625101,0.72755969,0.72865522,0.72962737,0.73069024,0.73184216,0.73319161,0.73455572,0.73584908,0.7370851,0.73810089,0.73904073,0.74013191,0.74131638,0.74256843,0.74372965,0.74484724,0.74587077,0.74687761,0.74796283,0.74906361,0.75018555,0.75131321,0.75239503,0.75341302,0.75435692,0.75525957,0.75618094,0.75709611,0.75801623,0.75898963,0.76006442,0.76119882,0.76232827,0.76346248,0.76452786,0.76558763,0.76667494,0.76782036,0.76898855,0.77019072,0.77136201,0.77237171,0.77334398,0.77427816,0.77523571,0.77632099,0.77745295,0.77861673,0.77970165,0.78071696,0.78164244,0.78266466,0.78385568,0.78508693,0.78634083,0.78741837,0.78843015,0.78941268,0.7903918,0.79161578,0.79290211,0.79422128,0.79528838,0.79628038,0.79714847,0.79805261,0.79919958,0.80046928,0.80191278,0.80333632,0.80476481,0.80609483,0.80734259,0.80857402,0.80972558,0.81082022,0.81189704,0.81304014,0.81441301,0.81592274,0.81757575,0.81922126,0.82071805,0.82211614,0.82354736,0.82514876,0.82678813,0.82848161,0.83007634,0.83161384,0.83305991,0.83452404,0.83616948,0.83788151,0.83957505,0.84118438,0.84278262,0.84446073,0.84619325,0.84795409,0.84951752,0.85080373,0.85157973,0.85212284,0.85249043,0.85281891,0.85326236,0.85373664,0.85419112,0.85453522,0.85479158,0.85502517,0.85527438,0.85555208,0.85591316,0.85642546,0.85719216,0.8580876,0.85906887,0.86001599,0.86085337,0.86147773,0.86211199,0.86281896,0.86384904,0.86493349,0.86592358,0.86685193,0.86766088,0.86849296,0.86939454,0.87039989,0.87141883,0.87244707,0.87347412,0.87452269,0.87572271,0.87693805,0.87811559,0.87911755,0.88000131,0.88088083,0.88182682,0.88284934,0.88393158,0.88504666,0.88606685,0.8870753,0.88811994,0.88932651,0.89054358,0.89166319,0.89270979,0.89370686,0.89471686,0.89575195,0.89682376,0.89783388,0.89876288,0.89964664,0.90059036,0.90171361,0.90289605,0.90406495,0.90516067,0.906178,0.90715265,0.90812755,0.90910232,0.9100126,0.91089076,0.91175526,0.9128108,0.91399175,0.91522759,0.91641808,0.91760159,0.91868651,0.91978681,0.9210034,0.92240793,0.92387831,0.92531413,0.92675287,0.92818588,0.9296428,0.93117446,0.93278664,0.93443912,0.93616062,0.93799269,0.93991965,0.94193441,0.94387609,0.94570404,0.94728154,0.94869667,0.94999772,0.95127803,0.95251292,0.95366096,0.95471573,0.95576054,0.95681596,0.95792806,0.95909417,0.96019697,0.96128899,0.96237767,0.96353602,0.96466374,0.96569568,0.96661955,0.9675048,0.96839517,0.96935642,0.97035927,0.97122127,0.97194117,0.97247303,0.97285777,0.97324598,0.97370791,0.97417647,0.97462308,0.97498941,0.97546387,0.97610492,0.9769007,0.97766966,0.97843063,0.97891963,0.97937429,0.97995847,0.98088497,0.98185402,0.98271191,0.9834094,0.98398411,0.98456532,0.9852581,0.9860543,0.98691934,0.98780721,0.9887501,0.98969871,0.99067724,0.991714,0.99251652,0.99316835,0.99375707,0.99437773,0.9950639,0.9958089,0.99676567,0.99785775,0.9990837,1.00028849,1.00142145,1.00227058,1.0028553,1.0032953,1.00386965,1.00462532,1.00540578,1.00617909,1.00702,1.00790966,1.00893629,1.01008308,1.01112831,1.01201332,1.01282406,1.01366782,1.01465416,1.01573694,1.01680338,1.01768839,1.01859379,1.01956379,1.02065718,1.02174628,1.02279389,1.02373123,1.0246495,1.02558851,1.02664363,1.02769387,1.02879405,1.03009009,1.03170657,1.03339624,1.03495944,1.03623402,1.03717351,1.03776884,1.03878832,1.0398984,1.04108906,1.04198825,1.04282284,1.04364705,1.04483116,1.0462184,1.04762185,1.04865253,1.04945648,1.05029392,1.05155063,1.05295992,1.05432975,1.05564785,1.0567441,1.05776417,1.0589478,1.06012452,1.06132317,1.06252766,1.06386459,1.06531656,1.0670985,1.06876373,1.06972301,1.0708245,1.07216716,1.07391894,1.07575369,1.07778573,1.08051372,1.08377564
V100,0.70860213,0.70986611,0.71117586,0.71252626,0.71392196,0.7153852,0.71683556,0.71811539,0.71929395,0.72042942,0.72152954,0.72271574,0.72409159,0.72548854,0.72686845,0.72821248,0.72946966,0.73064923,0.73184693,0.73304278,0.734258,0.73552799,0.7367757,0.73797995,0.73919487,0.74046576,0.74186873,0.74328744,0.74463755,0.74591523,0.74701875,0.74805307,0.74906391,0.75012738,0.75130135,0.75253659,0.75370765,0.75468725,0.7556389,0.75668836,0.7577613,0.7589435,0.76012659,0.76124305,0.76228249,0.76323897,0.76422006,0.76522255,0.76621556,0.76717848,0.76810646,0.7691257,0.77018219,0.77130872,0.7724511,0.77346444,0.7744779,0.77537912,0.77633637,0.777412,0.77860034,0.77976948,0.78085017,0.78186911,0.78272969,0.78360242,0.78449118,0.78544444,0.78656578,0.78768897,0.78883588,0.78993338,0.79098195,0.79200548,0.79313433,0.79434651,0.79545397,0.79645669,0.79740185,0.79835427,0.79931003,0.80030906,0.80142826,0.80254823,0.80368513,0.80482554,0.8060559,0.80747896,0.8088454,0.81011581,0.81133133,0.81249148,0.81368029,0.81489569,0.81622607,0.81757545,0.81887466,0.81994295,0.82096279,0.8220498,0.8232547,0.82468969,0.82618767,0.8277604,0.82932347,0.83088785,0.83252567,0.8342135,0.83592367,0.83745289,0.83893192,0.84039903,0.84188342,0.84356612,0.84530616,0.84695691,0.8484652,0.84989363,0.8513819,0.85296166,0.85462278,0.85625952,0.85774207,0.85873348,0.85943717,0.85989189,0.86024487,0.86064684,0.86096853,0.8612839,0.86161703,0.86198145,0.86237937,0.86279124,0.8632018,0.86360335,0.86404669,0.86457759,0.86525124,0.86608171,0.86698467,0.86786765,0.86859369,0.86930472,0.87009507,0.8710556,0.87206531,0.87308818,0.87414342,0.87521845,0.87627202,0.8773433,0.87845534,0.87949657,0.88054097,0.88157713,0.88258702,0.88373977,0.88487679,0.88590991,0.88681895,0.88761312,0.88849521,0.8895269,0.89066297,0.89186698,0.89308226,0.89418513,0.89521807,0.89624268,0.89737457,0.89850819,0.89958298,0.90061754,0.90164143,0.90265459,0.90370095,0.9048813,0.90605748,0.90713567,0.90800732,0.9088906,0.90986753,0.91094023,0.91212237,0.91325271,0.91426516,0.91522211,0.91612989,0.9170382,0.91800225,0.91893709,0.91982061,0.92074895,0.92180002,0.92305392,0.92428774,0.92553908,0.92663002,0.92769599,0.92884821,0.93029642,0.93185759,0.93341559,0.93494284,0.93640321,0.93791771,0.93949085,0.94111747,0.94267893,0.94429082,0.94593477,0.94771439,0.94964159,0.95163602,0.95354486,0.95509946,0.95645684,0.95775306,0.95910674,0.96042871,0.96162689,0.96271294,0.96378666,0.96485364,0.96608239,0.96742034,0.96856964,0.96961153,0.9705407,0.9715727,0.97264993,0.97373033,0.97468078,0.97554386,0.97622788,0.97705251,0.9779827,0.97904503,0.97998405,0.98072207,0.98109955,0.9814052,0.98167545,0.98201597,0.98243022,0.98297065,0.98349333,0.98405123,0.98471594,0.98541319,0.98609024,0.98659897,0.98708218,0.9876526,0.98840785,0.98924416,0.9901666,0.99107176,0.99193031,0.99267787,0.99352282,0.9943369,0.99495268,0.99554205,0.9961983,0.99699199,0.99790597,0.9990871,1.0000304,1.00084233,1.00158155,1.00236011,1.00307846,1.00369823,1.00441635,1.00521755,1.00615072,1.00727594,1.00841594,1.00932109,1.00996327,1.0104394,1.01101577,1.01176012,1.01253092,1.01326382,1.01399922,1.01481199,1.01584578,1.0170393,1.01829553,1.01951027,1.02047515,1.02136159,1.0222255,1.02328289,1.02438188,1.02532065,1.02621269,1.02705562,1.02798736,1.02902758,1.03013611,1.03116858,1.03244793,1.0337944,1.03527009,1.03627598,1.0371803,1.03807282,1.03911102,1.04051363,1.0421505,1.04369855,1.04488206,1.04571104,1.0466516,1.04753458,1.04853427,1.04973102,1.05077565,1.05179203,1.05281305,1.05393243,1.05524707,1.05660498,1.05782318,1.05898786,1.06041014,1.06188476,1.06308651,1.06433082,1.06547797,1.06663132,1.0683521,1.06940675,1.0703342,1.07123041,1.07266033,1.07413816,1.07587206,1.07733917,1.07761729,1.07806432,1.07924759,1.08136451,1.08393204,1.08654153,1.08919084,1.09189749
V101,0.04617484,0.04591069,0.04570834,0.04556553,0.04548441,0.04547486,0.04551159,0.04557415,0.04561031,0.04560365,0.04551408,0.04550511,0.04566346,0.04591441,0.04622931,0.04657573,0.04691205,0.04710526,0.04727451,0.04754137,0.04782512,0.04816934,0.04850583,0.04880219,0.04912727,0.04950991,0.05002869,0.05056924,0.05106106,0.05151422,0.05183431,0.05212282,0.05248358,0.05287694,0.05329941,0.05366869,0.05398224,0.05416689,0.05427878,0.05433772,0.05437643,0.05443872,0.0544359,0.05432953,0.05421403,0.05408076,0.05390909,0.05373289,0.05359122,0.05341796,0.05310832,0.05283533,0.05268553,0.05267413,0.05270033,0.05272746,0.0527501,0.05269664,0.05251672,0.05236962,0.05243523,0.05254013,0.05264373,0.05275177,0.05274121,0.05268353,0.05263201,0.05261427,0.05266282,0.05266409,0.05264356,0.05258127,0.05255179,0.0525756,0.05270895,0.05296473,0.05319523,0.05341163,0.0536374,0.05394351,0.05442235,0.05504363,0.05582878,0.05675208,0.05786778,0.05916115,0.06062936,0.06239652,0.06431248,0.06631598,0.06831409,0.07033811,0.07233457,0.0742517,0.07607193,0.07771555,0.07926042,0.080655,0.08213173,0.08395899,0.08616162,0.08892382,0.09213598,0.09582628,0.09983508,0.10406975,0.10856588,0.11295315,0.11718146,0.12087309,0.12416177,0.12700112,0.12964828,0.13223024,0.13483955,0.13773455,0.14079751,0.14394188,0.14720692,0.1501413,0.15264232,0.15419134,0.15487047,0.15441401,0.1531328,0.15104152,0.14840658,0.14548486,0.14228737,0.13885069,0.13534984,0.13179229,0.1281248,0.12438803,0.12061007,0.11673064,0.11290006,0.10920069,0.10576576,0.10266762,0.09977834,0.09709567,0.09457824,0.09223653,0.09011486,0.08833166,0.08676799,0.08535576,0.08404212,0.0828327,0.08174144,0.08074394,0.07987326,0.07908802,0.07832436,0.07755289,0.07685907,0.07634564,0.07590941,0.07551333,0.07510965,0.07470214,0.07426582,0.07391008,0.07367771,0.07355095,0.07347502,0.073346,0.07321167,0.07310817,0.0730994,0.07311098,0.07309965,0.07303935,0.07294247,0.07287154,0.07287603,0.07299599,0.07311812,0.07322349,0.07328583,0.07337863,0.0735637,0.07382103,0.07411686,0.07438147,0.07460123,0.07483939,0.07513813,0.07549206,0.07594214,0.07641941,0.07688541,0.07746914,0.07825646,0.07932477,0.08065918,0.0822951,0.08423855,0.08658695,0.08938329,0.09274741,0.09647849,0.10043782,0.10452282,0.10865659,0.11290874,0.11734356,0.12198245,0.12681931,0.1317949,0.13689941,0.14209232,0.14734848,0.15235285,0.1569334,0.16087872,0.16421978,0.16695191,0.16918743,0.1710846,0.17263304,0.17377612,0.17468573,0.17547266,0.17621881,0.17690444,0.17756362,0.17816579,0.17871335,0.17924725,0.1797464,0.18014084,0.18027243,0.18020809,0.17988564,0.17945436,0.17895694,0.17821223,0.17703207,0.17538361,0.17314878,0.17066313,0.16808827,0.16572665,0.1634624,0.16130465,0.15923756,0.1572973,0.15551981,0.15382682,0.1522595,0.15076861,0.1493638,0.14810055,0.14712277,0.14631109,0.14560369,0.14493696,0.14434654,0.14373916,0.14308214,0.14242086,0.1416873,0.14087527,0.14010499,0.13956596,0.13914654,0.13878334,0.13836139,0.13793258,0.13740328,0.13673581,0.13603343,0.1352943,0.13439915,0.13352236,0.13287361,0.13253984,0.13230565,0.13211219,0.13195036,0.13174626,0.13145871,0.13119626,0.13098335,0.1307006,0.1303497,0.13008867,0.13000609,0.12998895,0.12997107,0.12991129,0.129711,0.1295066,0.12940575,0.12942266,0.12948257,0.12950431,0.12953116,0.12959827,0.12976155,0.12994002,0.13011184,0.1301863,0.13037077,0.13057387,0.13081792,0.13099955,0.13115464,0.13130085,0.13167116,0.13241634,0.13335757,0.13425277,0.13513213,0.13575071,0.13637081,0.13701542,0.13773566,0.13841224,0.13904084,0.13967068,0.14045435,0.14141075,0.14243826,0.14342408,0.1443961,0.14539541,0.1466337,0.1481913,0.15001868,0.15219003,0.15485784,0.15768231,0.16069131,0.16364381,0.16635294,0.16863397,0.17097627,0.17328613,0.17545611,0.17756362,0.1794585,0.18167819,0.1846251,0.18882467,0.19440916,0.20190729,0.21117401,0.2221543
V101,0.05627329,0.05575508,0.05541798,0.05522053,0.05514393,0.05528222,0.0555747,0.05535016,0.0549016,0.05446634,0.05461821,0.05515853,0.05632956,0.05752704,0.05827399,0.05830863,0.05803468,0.05793978,0.05805861,0.05890886,0.05979476,0.06060047,0.06082561,0.06063639,0.06050236,0.06057,0.06160129,0.06279444,0.06345665,0.06387413,0.06365529,0.06339251,0.06389124,0.06466105,0.06577986,0.066341,0.06661998,0.06625549,0.06573007,0.06572063,0.06588501,0.06638008,0.06671099,0.06639351,0.06599867,0.06550068,0.06510568,0.06458268,0.06387166,0.06334513,0.06290368,0.06283765,0.06328913,0.0638411,0.06422544,0.06383403,0.06333392,0.06278642,0.06275716,0.06320696,0.06437431,0.06555449,0.06570627,0.0654429,0.06471527,0.06400645,0.06364254,0.06351247,0.06394489,0.06411649,0.06407591,0.06350651,0.06316496,0.06348336,0.06404653,0.06463648,0.06459461,0.06437701,0.06424338,0.06428144,0.06511778,0.06611513,0.06721337,0.06776622,0.06846917,0.06950015,0.07070246,0.07226712,0.0740296,0.07590429,0.07780962,0.07974338,0.08207482,0.0844769,0.0867053,0.08816896,0.08929922,0.09034079,0.09159458,0.09365426,0.09632041,0.09967534,0.10313062,0.10646185,0.10995638,0.11362775,0.11782394,0.12209715,0.12646049,0.13005817,0.13314477,0.13595283,0.13871564,0.14172792,0.14465748,0.14732477,0.14998059,0.15267266,0.15586299,0.15924469,0.16283068,0.16503519,0.16578391,0.16457863,0.16263643,0.16030951,0.15762302,0.15520442,0.15229352,0.14889902,0.14488538,0.14097312,0.13710631,0.13324709,0.12947056,0.12546386,0.12154774,0.11811946,0.11536537,0.11332691,0.11105389,0.108325,0.10515908,0.10233857,0.0998816,0.09839132,0.0971927,0.09593084,0.09455033,0.09294669,0.09169597,0.09060602,0.08961006,0.08851609,0.08754998,0.08684389,0.08634043,0.0866156,0.08693293,0.08668891,0.08591874,0.08502094,0.08449254,0.08434664,0.08459184,0.08496418,0.08521657,0.0846739,0.08405593,0.08365509,0.08375224,0.08383857,0.08375347,0.08355196,0.08321893,0.08320781,0.08363519,0.08462931,0.08508903,0.08501231,0.08445578,0.08406226,0.08435637,0.08506139,0.08588158,0.08621851,0.08594898,0.08562361,0.08581733,0.0861141,0.08657062,0.08692802,0.08704083,0.08758757,0.0885532,0.09024497,0.09199447,0.09374435,0.09511587,0.09702789,0.09965378,0.10320375,0.10711096,0.11103448,0.11496589,0.11883106,0.12320341,0.12786713,0.13272375,0.13736542,0.14207159,0.14689559,0.15212791,0.15793273,0.16347136,0.16827099,0.17183496,0.17478317,0.17716177,0.17939706,0.18118964,0.18260507,0.18346943,0.1840921,0.18516538,0.18622541,0.18696484,0.18716188,0.18739787,0.18764369,0.18869373,0.19001113,0.19117564,0.19109286,0.19050492,0.18976794,0.18931781,0.18916184,0.18882757,0.18781915,0.18604399,0.18341571,0.18075253,0.17839187,0.17630838,0.1742465,0.17171261,0.16929872,0.16738531,0.16651265,0.1655311,0.16434112,0.16220966,0.16006547,0.15818296,0.15763129,0.15754457,0.15723979,0.15623607,0.15512045,0.15420455,0.15314813,0.15225565,0.15131941,0.15033749,0.14960064,0.1500499,0.15097596,0.15160273,0.1508099,0.14979315,0.14852564,0.14702941,0.14543962,0.14414407,0.14311171,0.1422165,0.14241958,0.14371267,0.14511706,0.14503619,0.144164,0.14314336,0.14207482,0.14110203,0.14044207,0.14007765,0.13969649,0.13956237,0.140333,0.14136338,0.14175816,0.14139032,0.14065628,0.14014819,0.14039017,0.14105561,0.14151998,0.14118883,0.14066327,0.14024861,0.14051263,0.14091645,0.14133339,0.1411071,0.14137432,0.14153306,0.14090015,0.13995112,0.13971597,0.14025348,0.14173096,0.14439452,0.1469146,0.1475776,0.14755401,0.14737602,0.14795341,0.14890228,0.15069823,0.15146784,0.15165877,0.15151277,0.15240541,0.15448225,0.15677214,0.15769854,0.1576786,0.15762979,0.15868375,0.16061163,0.16294006,0.1651407,0.16763169,0.16966119,0.17066419,0.17210829,0.17433681,0.17752537,0.18229334,0.18811917,0.19194196,0.19331823,0.19363737,0.19474263,0.19718117,0.20256983,0.20926262,0.21648534,0.22552314,0.23609596
V101,0.0478383,0.04789104,0.0479234,0.04794299,0.04795349,0.04794076,0.04788927,0.04792624,0.04802031,0.04811239,0.0480917,0.04803726,0.04798191,0.0480406,0.04823612,0.0485626,0.04896504,0.04930218,0.04959441,0.04979683,0.0499958,0.05021439,0.05051611,0.05090157,0.05135107,0.05182649,0.05224428,0.05264372,0.0530329,0.05345002,0.05391501,0.05434993,0.05473722,0.05511054,0.0554444,0.05576288,0.05602563,0.0562531,0.05644801,0.05652471,0.05650517,0.05641644,0.05632768,0.05627925,0.05620631,0.05612983,0.05605385,0.05597151,0.05591109,0.0558037,0.05557255,0.05529293,0.0550233,0.05484832,0.054734,0.05481999,0.05492644,0.05499464,0.05484558,0.05458494,0.0543637,0.05418711,0.05416292,0.05423958,0.05442718,0.05459102,0.05463511,0.05465281,0.05462692,0.05459883,0.05455627,0.05453754,0.05455875,0.05454252,0.05455369,0.05466244,0.05490907,0.05522838,0.05559573,0.05601652,0.05644329,0.05697831,0.0576407,0.05854019,0.05963465,0.06097248,0.0625507,0.06441391,0.06642226,0.06855939,0.07062855,0.07264403,0.07446124,0.0761659,0.07777427,0.0793606,0.08095014,0.08249893,0.0841121,0.08585677,0.08792408,0.09049027,0.09354629,0.09723848,0.101355,0.10572571,0.1102396,0.11459755,0.11877643,0.12249744,0.12581931,0.12865524,0.13130283,0.13378233,0.13627847,0.13918522,0.14236194,0.14566669,0.14897746,0.15179022,0.15405621,0.15544499,0.15603769,0.15572254,0.15460896,0.15263288,0.15005052,0.14704105,0.14380617,0.14037636,0.13691293,0.13341543,0.12982428,0.12612171,0.12238364,0.11863555,0.1149205,0.11123242,0.10767489,0.10433172,0.10127115,0.09851226,0.09611146,0.09393786,0.09193852,0.09011398,0.08849698,0.08706172,0.0857596,0.08460575,0.08359221,0.08269177,0.08185473,0.08113465,0.08045298,0.07968915,0.07894838,0.07822423,0.07760502,0.07716135,0.07683127,0.07656246,0.07622037,0.07583455,0.07545788,0.07517157,0.07495899,0.07491264,0.07492261,0.0749473,0.07495492,0.07496821,0.07496176,0.07494569,0.07493533,0.07488812,0.0748243,0.07477037,0.0748233,0.07494304,0.07516027,0.07539944,0.07560243,0.0757648,0.07591142,0.07612266,0.07642885,0.07676475,0.07710879,0.07750379,0.0778979,0.07836784,0.07892076,0.07957073,0.08036793,0.08131321,0.082536,0.0840882,0.08607909,0.08849075,0.09131283,0.09460127,0.0982642,0.10223738,0.10637005,0.11057496,0.11480897,0.11919168,0.12375169,0.12862426,0.13365909,0.13887313,0.14407343,0.1491732,0.15403649,0.15853681,0.1625232,0.16593365,0.1687739,0.17108926,0.1730352,0.17462371,0.17591567,0.17695987,0.17773771,0.17845096,0.17911363,0.17985073,0.18052661,0.18114392,0.18159127,0.18188189,0.18203434,0.1820813,0.18198659,0.18178348,0.18140265,0.18083039,0.17991984,0.17865553,0.17700903,0.17488873,0.17250675,0.16995423,0.16749455,0.16512412,0.16300178,0.16103315,0.15914908,0.15724672,0.15543148,0.15374762,0.15232106,0.15106647,0.1499446,0.14892665,0.14803471,0.14726256,0.1466185,0.14607359,0.14556284,0.14499587,0.14437994,0.14374283,0.14302269,0.14225501,0.14145207,0.14070447,0.14006785,0.13963263,0.13925196,0.13888618,0.1384512,0.13794692,0.13733771,0.13656485,0.13573758,0.13485727,0.13409318,0.13348183,0.13321297,0.13312033,0.13308373,0.13297132,0.13283533,0.13268484,0.13252237,0.13226302,0.13197839,0.1317021,0.13145092,0.13131587,0.1312913,0.13129483,0.13124287,0.13108239,0.13094196,0.13086097,0.13089335,0.1310018,0.13116841,0.13130748,0.13143277,0.13154493,0.13167293,0.13184528,0.13212952,0.13258547,0.13311462,0.13353713,0.13371746,0.1338277,0.13404486,0.13453831,0.13537645,0.13638955,0.13733928,0.13795619,0.138515,0.13901341,0.13967507,0.14042072,0.14122409,0.14189047,0.14253239,0.14325805,0.1443238,0.14559734,0.1469419,0.1483296,0.14989009,0.15169115,0.15383391,0.15641642,0.15937454,0.16268565,0.16619201,0.16935495,0.17159395,0.17324206,0.17465873,0.17633946,0.17835465,0.18068585,0.18339662,0.18643492,0.19043836,0.19588584,0.2035584,0.21305533,0.22436123
V101,0.04957846,0.04976212,0.0498734,0.04992108,0.04993096,0.04992234,0.04972385,0.04961792,0.04980174,0.05011285,0.05046055,0.05073641,0.05088702,0.05094682,0.05089353,0.05105045,0.05145011,0.05180413,0.05209095,0.05249606,0.05284954,0.05315948,0.05347105,0.05377803,0.05424813,0.05484526,0.05546281,0.05596115,0.05626285,0.05657813,0.0570109,0.05745526,0.05796203,0.05842153,0.05874976,0.05882125,0.05888097,0.05909044,0.05931868,0.05951577,0.05969963,0.0596949,0.05955996,0.05935695,0.0592224,0.05912217,0.05878451,0.05851132,0.0585453,0.05862341,0.05859578,0.05842796,0.05823855,0.05784437,0.05734912,0.05730782,0.05744522,0.05785235,0.05797178,0.05800615,0.05800567,0.05777001,0.05742949,0.05728889,0.05742062,0.05747033,0.05758702,0.05779307,0.05780745,0.05766471,0.05737707,0.05726277,0.05732041,0.05744722,0.05755512,0.05766746,0.05779233,0.05795945,0.05829204,0.05871899,0.05923954,0.05982349,0.06043289,0.06115995,0.06211445,0.06339996,0.0648634,0.06660426,0.06863293,0.07086438,0.07300583,0.07513052,0.0770709,0.07884233,0.0803816,0.08182118,0.08325607,0.08478178,0.08642876,0.08837753,0.0906328,0.09316385,0.09610794,0.09960645,0.10358261,0.10782985,0.11238776,0.11683226,0.12112058,0.12470879,0.12778212,0.13054878,0.13321126,0.13565166,0.13808075,0.14101703,0.14425352,0.14759563,0.15099795,0.15404573,0.15649194,0.15767919,0.15800795,0.15758562,0.15645027,0.15461211,0.15224966,0.14929239,0.1460288,0.14242923,0.13889851,0.13536863,0.13171335,0.1280189,0.1243795,0.12061964,0.11690844,0.11346168,0.11019326,0.10698236,0.10377832,0.10086194,0.09837978,0.09616219,0.09414273,0.09243438,0.09098227,0.08960545,0.08826307,0.08708375,0.08600272,0.0849214,0.08398895,0.0834493,0.08290956,0.0822987,0.0818096,0.08109786,0.08031634,0.07962349,0.07925021,0.07910504,0.07886478,0.07861506,0.078407,0.07813958,0.07789295,0.07773219,0.07767907,0.07769435,0.0777178,0.07777309,0.07780921,0.07778464,0.07770349,0.07777365,0.07789705,0.0778816,0.07775273,0.07771498,0.0779367,0.07821079,0.07857839,0.07888678,0.07897317,0.07901635,0.07924163,0.07957456,0.07988935,0.08028153,0.08066073,0.0810845,0.08154864,0.082268,0.08321586,0.08422565,0.08539523,0.08682297,0.08879358,0.09123237,0.09403577,0.09727246,0.10091061,0.10485837,0.10897648,0.11325181,0.11753884,0.1219148,0.12643316,0.13124405,0.13619763,0.14142059,0.14670673,0.15195367,0.15670751,0.16105811,0.1649861,0.16838907,0.17116874,0.17341216,0.17530334,0.17694926,0.17828429,0.17935425,0.1801784,0.18069153,0.18108889,0.1819018,0.18274677,0.18365233,0.18427581,0.1846666,0.18466569,0.18452276,0.18437372,0.18432093,0.18397872,0.18347539,0.18257393,0.18128239,0.17954303,0.17740537,0.17505714,0.17258038,0.17017847,0.16782828,0.16563872,0.16371574,0.16201361,0.16031209,0.15847589,0.15669087,0.15510073,0.15376271,0.15271001,0.15191829,0.15118355,0.15012422,0.14923055,0.14857444,0.14798145,0.14726683,0.14669858,0.14623681,0.14558505,0.14494364,0.14454848,0.14399964,0.14302644,0.14236452,0.14202656,0.14158759,0.14074489,0.14014715,0.13985336,0.13916467,0.13833167,0.13779475,0.13733828,0.13658515,0.13597533,0.13590097,0.13589562,0.13552697,0.1352158,0.13518915,0.13513128,0.13485757,0.13466571,0.1346212,0.13443299,0.13407981,0.13389294,0.13397075,0.13398784,0.13405195,0.13398747,0.13389267,0.13383158,0.13389029,0.13408898,0.13426222,0.1344,0.13439351,0.13439231,0.13449027,0.1345105,0.13436574,0.1350514,0.13587487,0.13643223,0.13693424,0.13745546,0.13773717,0.13812079,0.13908757,0.14009064,0.14091988,0.14175309,0.14243531,0.1427978,0.14331985,0.14409266,0.14545012,0.14660279,0.14722054,0.14762445,0.14849681,0.14987879,0.15165305,0.1536703,0.15532953,0.15700714,0.15935507,0.16186492,0.16449475,0.1684912,0.17208913,0.1747683,0.17704888,0.17898008,0.17979854,0.18104064,0.18359154,0.18641463,0.19003282,0.19446622,0.1998654,0.20713212,0.21653648,0.22791766
V101,0.05789792,0.05794654,0.05800226,0.05807502,0.05817135,0.05827698,0.05834447,0.05852884,0.05868882,0.05875083,0.05862833,0.0585984,0.05872232,0.05899969,0.05949355,0.0600848,0.06063952,0.06094846,0.06116071,0.06144839,0.06177285,0.06215566,0.06263664,0.06317013,0.06364641,0.06407303,0.06444289,0.06480385,0.06523339,0.06569003,0.06617565,0.06666031,0.06706909,0.06744832,0.06777028,0.06813517,0.06845028,0.06867293,0.0688561,0.06889167,0.06885524,0.06879719,0.06870677,0.06863248,0.06852634,0.06839481,0.06821614,0.06808078,0.0681066,0.06799878,0.06755665,0.06702652,0.06656538,0.06636579,0.06627892,0.06650992,0.06674635,0.06681648,0.06647119,0.06605132,0.06590118,0.06582453,0.0660077,0.06633069,0.06661092,0.06675104,0.06671545,0.06666214,0.06654125,0.06637404,0.06615115,0.06598429,0.06592608,0.06591035,0.06596537,0.06614256,0.06641231,0.06670588,0.06694937,0.06720477,0.06751482,0.06798309,0.0686345,0.06949423,0.07055802,0.07185847,0.07338946,0.07525732,0.0772563,0.07930326,0.08120242,0.08301634,0.08474901,0.08644723,0.08814777,0.08986142,0.0915327,0.09294354,0.09436799,0.09599277,0.0979966,0.10063172,0.10380512,0.10761214,0.11172187,0.11600008,0.12043504,0.12473845,0.12884694,0.1324687,0.1356876,0.13839556,0.1409404,0.1434287,0.1459761,0.14897366,0.15216008,0.15544021,0.1586758,0.16146775,0.16375186,0.16526745,0.16607377,0.16586421,0.16477773,0.16274449,0.16012248,0.15707602,0.15380977,0.15040527,0.14708774,0.14365596,0.14003964,0.13634469,0.13260458,0.12869245,0.12479848,0.12101585,0.11747678,0.11426374,0.11138734,0.10891925,0.10677832,0.1046753,0.10266335,0.10085598,0.09924778,0.09776665,0.09641834,0.09525918,0.09425558,0.09336533,0.09261016,0.09197441,0.0912519,0.09031292,0.08943896,0.08871648,0.08816768,0.08793691,0.08780386,0.08765677,0.08724589,0.08678908,0.08640976,0.08621518,0.08614095,0.08620166,0.08623318,0.0861914,0.08617091,0.08618285,0.08618446,0.08613915,0.08608227,0.08597831,0.08589023,0.08584961,0.08595802,0.08617913,0.08642452,0.08664905,0.08680961,0.08696853,0.08713716,0.08737589,0.08771612,0.08808358,0.08839709,0.08874551,0.08914851,0.08956986,0.08997454,0.09048113,0.09118826,0.09213664,0.09341579,0.09508777,0.09713736,0.09952051,0.1022625,0.1055726,0.1092829,0.11330298,0.11744304,0.12159079,0.12578799,0.1301553,0.13475123,0.13966018,0.14469421,0.14975904,0.15481092,0.15987714,0.1648352,0.16944182,0.17355637,0.17703275,0.17979892,0.18198763,0.18388005,0.18541501,0.18653463,0.18741047,0.18803765,0.18868972,0.18936336,0.19015677,0.19080488,0.19134723,0.19167398,0.19198897,0.19230175,0.19262519,0.19281076,0.19261889,0.19216907,0.19157103,0.19077927,0.18963918,0.18811269,0.18601543,0.18360981,0.18099178,0.17855,0.17621936,0.17409588,0.17205344,0.17006293,0.16814578,0.16637072,0.16480187,0.16355427,0.16239478,0.1612751,0.16019225,0.15921086,0.15836298,0.15772501,0.15722549,0.15672572,0.15621443,0.155651,0.15497163,0.15404449,0.15310542,0.15231241,0.15165652,0.15124182,0.15110168,0.15099002,0.15069167,0.1501672,0.14963609,0.14897458,0.14780551,0.14657712,0.14550073,0.14482856,0.14436634,0.14447165,0.14478953,0.14493661,0.14471225,0.1445227,0.14432229,0.14393078,0.14334333,0.14286418,0.14254828,0.14235182,0.14244318,0.14270441,0.14275551,0.14266314,0.14249632,0.14241917,0.14241639,0.14256744,0.14277291,0.14296944,0.143124,0.14327779,0.1433847,0.14341442,0.14352733,0.14377171,0.14434871,0.14499776,0.14528131,0.14510526,0.14498547,0.14523865,0.14603578,0.14739157,0.14892326,0.1498713,0.1504488,0.15100253,0.15152834,0.15229279,0.15314101,0.15403457,0.15472455,0.15537153,0.15612331,0.15736018,0.15888508,0.16043524,0.16184884,0.16330437,0.16486493,0.16696423,0.16964293,0.17265645,0.17608367,0.17938966,0.18202439,0.18367594,0.18530652,0.18681975,0.18903112,0.1919073,0.19467342,0.19741893,0.20041473,0.20440347,0.20988594,0.2177633,0.22731334,0.23858139
V114,1.06804383,1.06863177,1.06933355,1.07013655,1.07105267,1.07214689,1.07325876,1.074175,1.07504261,1.07586253,1.07672501,1.07761467,1.07856274,1.07949138,1.08037412,1.08131647,1.08230019,1.08321214,1.08409595,1.08506632,1.0860101,1.08687747,1.08761871,1.0882895,1.08902609,1.08983684,1.09086812,1.09189796,1.09278154,1.0935688,1.09407175,1.09452903,1.09518206,1.09591532,1.09678912,1.09768212,1.0985347,1.09925056,1.09993863,1.10065734,1.10135734,1.10202169,1.10261476,1.10309803,1.10352433,1.10390413,1.10440218,1.10502398,1.10575247,1.10645151,1.10705113,1.10760951,1.10815406,1.10874474,1.10938251,1.11019075,1.11097932,1.11172235,1.11241066,1.11310887,1.11395836,1.1147716,1.1154846,1.11621189,1.11678648,1.11729288,1.11792254,1.11867344,1.11942124,1.11993682,1.12034774,1.12073708,1.12128818,1.12201667,1.12294197,1.12414575,1.12509799,1.12586462,1.12651265,1.12713504,1.12791312,1.12868154,1.1294024,1.12988794,1.13039017,1.13091063,1.13149917,1.13226914,1.13310063,1.1340338,1.13485873,1.13558996,1.13631415,1.13701725,1.13772464,1.13825893,1.13868189,1.13909149,1.13951361,1.1400367,1.14064085,1.14127493,1.14193213,1.14253378,1.14317858,1.14395285,1.14497757,1.14593947,1.14680004,1.14733553,1.1477586,1.14831555,1.14895093,1.14983547,1.15081334,1.15175581,1.15265942,1.1534605,1.15431428,1.15531802,1.15644383,1.15740836,1.15831149,1.15918159,1.15993941,1.1605134,1.16105962,1.16168427,1.16228163,1.16282558,1.16337895,1.16400564,1.16463411,1.16530216,1.1659739,1.16666329,1.16753232,1.16863966,1.16994345,1.17145073,1.17283404,1.17398727,1.17470765,1.17536438,1.17608535,1.17722738,1.17841148,1.17941952,1.18031371,1.18102634,1.18187428,1.1828661,1.18401229,1.18511128,1.18612695,1.18693197,1.18771899,1.1887176,1.18981183,1.19095421,1.19194496,1.19282031,1.19363499,1.19448113,1.19537485,1.19627869,1.19719446,1.19802666,1.19884777,1.1997354,1.20082295,1.20194316,1.20289814,1.20373642,1.20452535,1.20535159,1.20622838,1.20723474,1.20820403,1.20907879,1.20987451,1.21066451,1.2115941,1.21255398,1.21349192,1.21435678,1.21515489,1.21591103,1.21666765,1.21738899,1.21805191,1.21861994,1.21905649,1.2196728,1.22045755,1.22148538,1.22250903,1.22353137,1.22433746,1.22510982,1.22590339,1.22693014,1.22802508,1.22914994,1.2301631,1.23100781,1.23188186,1.23281121,1.23383546,1.23493719,1.23602319,1.23702109,1.2380147,1.23908341,1.24021649,1.24128103,1.2422353,1.2430228,1.2436651,1.24427009,1.24507535,1.24601221,1.24698269,1.24791551,1.24873579,1.24963391,1.25050771,1.25133479,1.25212288,1.25292659,1.25373447,1.25469851,1.25582969,1.25686538,1.25784433,1.25868249,1.25957847,1.26060271,1.26170993,1.26271379,1.26352096,1.26408136,1.26468408,1.26537681,1.26608729,1.26688957,1.26769125,1.26846194,1.26919723,1.27009082,1.27093697,1.27163541,1.27224886,1.27300024,1.27382886,1.27474415,1.27567863,1.27658129,1.27746034,1.2782774,1.27915335,1.28001118,1.28082657,1.28147018,1.28210998,1.28290319,1.28406167,1.28530097,1.28654361,1.28762186,1.28857708,1.28921318,1.28958499,1.29000807,1.29050303,1.29096687,1.29156971,1.2926507,1.29400158,1.29535758,1.2966013,1.29763198,1.29838359,1.29883397,1.29953003,1.30037463,1.30128837,1.30206501,1.30281663,1.30356419,1.30434906,1.30518723,1.30602646,1.30686581,1.30780649,1.3089087,1.31027377,1.31173015,1.31301427,1.31413984,1.31518555,1.31621134,1.31723607,1.31836855,1.31970382,1.32110035,1.32250595,1.32373369,1.32498395,1.32630372,1.32774305,1.32934082,1.33105779,1.33270991,1.33416951,1.33541155,1.3363235,1.33722925,1.33818197,1.33932006,1.34080756,1.34229195,1.34362924,1.34502161,1.34627736,1.34713125,1.34773719,1.34871233,1.35006893,1.35169578,1.35353434,1.35505962,1.35608256,1.3568871,1.35783517,1.35899293,1.35988557,1.36062968,1.36145675,1.36264038,1.36372173,1.36464834,1.36544406,1.36639512,1.36758697,1.36988795,1.37256694,1.37496912,1.37662125,1.37831724,1.37996304
V114,1.06546926,1.06609809,1.06677926,1.06751621,1.06830573,1.06913471,1.07000697,1.07103109,1.07211745,1.07315397,1.07414651,1.07511425,1.07603872,1.07691669,1.07776701,1.07860935,1.07941687,1.08019626,1.0809741,1.08177531,1.08254445,1.08331358,1.0841223,1.08488476,1.08571923,1.08667743,1.08772171,1.08866167,1.08930588,1.08987606,1.09040403,1.09094095,1.09167075,1.09248674,1.09346676,1.09432888,1.09509945,1.09570479,1.09625328,1.09691846,1.09766257,1.09846032,1.09916699,1.09976733,1.10034871,1.10087156,1.10136819,1.10186803,1.10248017,1.10313213,1.10364294,1.10406196,1.10446966,1.10494828,1.10548544,1.10625696,1.10706878,1.10792553,1.10875344,1.10954404,1.11021841,1.11084259,1.11151195,1.11222744,1.11296797,1.11369693,1.11454916,1.11539388,1.1159687,1.11641765,1.11686683,1.1172893,1.11777234,1.11856174,1.11956811,1.12062979,1.12135565,1.12196541,1.12256408,1.12313437,1.12382329,1.12455714,1.12538338,1.12610066,1.12678301,1.12744951,1.12815714,1.12904191,1.1299336,1.13074541,1.1314714,1.1321758,1.13297188,1.13375127,1.1344862,1.13504755,1.13551557,1.13583159,1.13609695,1.13649106,1.13698268,1.13764834,1.13846135,1.13934016,1.14026701,1.14126575,1.142313,1.14323449,1.14402568,1.14459455,1.14511287,1.14575768,1.14650655,1.14756882,1.14868569,1.14967358,1.15049958,1.15127742,1.15203977,1.15288019,1.15382719,1.15476656,1.15564561,1.15616274,1.15657508,1.15709639,1.15773487,1.15851831,1.15927613,1.16001832,1.16073751,1.1614337,1.1620661,1.16280115,1.16359532,1.16429901,1.16503215,1.16589248,1.16696942,1.16828203,1.16956282,1.170789,1.17184365,1.17273617,1.1735822,1.17460597,1.17568493,1.17676795,1.17777824,1.17864048,1.17943478,1.18021679,1.18102467,1.18193722,1.18287945,1.18382251,1.18479061,1.18577456,1.18668938,1.18750679,1.18827033,1.18902636,1.18988025,1.19080663,1.19181454,1.19286549,1.19392824,1.19486141,1.19575703,1.19669652,1.19774044,1.19876611,1.19968629,1.20055974,1.20137715,1.20213425,1.20293593,1.20386875,1.20478344,1.20562732,1.20652878,1.20750344,1.20852518,1.20950305,1.21048462,1.21139324,1.21212888,1.21276319,1.21346986,1.21419191,1.21482432,1.21549177,1.21620893,1.21697104,1.2177856,1.21872056,1.21971273,1.22068441,1.22152436,1.22237802,1.2231847,1.22401989,1.22492003,1.22597992,1.2270931,1.22819233,1.229298,1.23041928,1.23148966,1.2323575,1.23318291,1.23393869,1.23478842,1.23587048,1.23715556,1.23842502,1.2395277,1.24041319,1.24113297,1.24183321,1.24262393,1.2435019,1.24440074,1.24533927,1.24634218,1.24727798,1.24818027,1.24900568,1.24972045,1.25040638,1.25124693,1.25222766,1.25325465,1.25423324,1.25523543,1.25609303,1.25689542,1.25783491,1.25881231,1.25971293,1.26054215,1.26127708,1.26196003,1.26262701,1.26343262,1.26422095,1.26487446,1.2656256,1.26650596,1.2675525,1.26851308,1.26942968,1.27015102,1.27082312,1.27157867,1.2725122,1.27347982,1.27430058,1.27499235,1.27563369,1.27633178,1.27707136,1.27784002,1.27858961,1.27936435,1.28027439,1.28143513,1.2826159,1.28373945,1.28463936,1.28544462,1.2860769,1.28665709,1.28741443,1.28829288,1.28894281,1.28957939,1.29035556,1.29142797,1.29244852,1.29346275,1.29450512,1.29532635,1.2958554,1.296561,1.29738843,1.29811871,1.29888356,1.29985237,1.30098629,1.30212569,1.30327713,1.30437171,1.30533779,1.30636489,1.3075794,1.30880988,1.31008506,1.31117785,1.31229973,1.31352365,1.31493306,1.316239,1.31740761,1.31845558,1.31954896,1.32053995,1.3216368,1.3228066,1.32402205,1.32526302,1.32693362,1.32897854,1.330935,1.33261645,1.3340987,1.33502364,1.33603573,1.33710647,1.33830643,1.33952713,1.34093273,1.3424269,1.34407568,1.34566045,1.34689963,1.34748697,1.34816456,1.34919441,1.35096598,1.35301685,1.3549397,1.3563956,1.35719752,1.35790455,1.35890162,1.36012065,1.36132729,1.36228132,1.36328447,1.36445367,1.36638832,1.3682853,1.36943233,1.37052023,1.3713119,1.37217009,1.37338936,1.37513447,1.37738669,1.38010526
V114,1.0720799,1.07284081,1.07363355,1.07446039,1.07532966,1.07625306,1.07721317,1.07817996,1.07905817,1.07993996,1.08078623,1.08162057,1.08247173,1.08341134,1.08448708,1.08547747,1.08633924,1.08711171,1.08791876,1.08888125,1.08973181,1.09046829,1.09119117,1.0918864,1.09252882,1.09318364,1.09407544,1.09500706,1.09580851,1.09649861,1.09712756,1.09778428,1.0985564,1.09940982,1.10033596,1.10125208,1.10213387,1.10280883,1.10341311,1.104038,1.10470331,1.10544467,1.10617793,1.10681796,1.1073947,1.1079179,1.10840249,1.10891306,1.10952246,1.11012685,1.11068463,1.11134541,1.11207902,1.11279202,1.11351764,1.11424613,1.11493623,1.11559629,1.11636674,1.11721039,1.1181401,1.11897242,1.11953652,1.12002182,1.12031794,1.12061274,1.12114024,1.12185538,1.1228559,1.1237663,1.12457156,1.12525666,1.12595069,1.12654829,1.12706006,1.12758994,1.12809801,1.12858486,1.12914455,1.12980616,1.13073575,1.13167858,1.13255918,1.13337159,1.13413429,1.13480961,1.13554978,1.13649738,1.13738632,1.13810182,1.13875377,1.13945198,1.14023924,1.14097714,1.14180899,1.14254344,1.14308619,1.14329779,1.14348781,1.14404845,1.14482665,1.14584899,1.14685893,1.14774299,1.14846957,1.14907861,1.14972174,1.15036833,1.15106118,1.15165365,1.15216959,1.15283549,1.15363348,1.15469933,1.1557734,1.15668273,1.1575247,1.15836287,1.15928769,1.16027093,1.16133308,1.16217887,1.1629163,1.1636554,1.16437256,1.16514742,1.16594863,1.16660058,1.16709149,1.16743934,1.16781521,1.16836584,1.16903007,1.16976988,1.17061043,1.17147839,1.17244589,1.17369103,1.17504787,1.17638671,1.17756236,1.1785661,1.1793102,1.17995405,1.18061697,1.18157196,1.1825633,1.18348551,1.18443203,1.18536627,1.18629587,1.18726993,1.18834627,1.18939722,1.19027305,1.19096351,1.19172013,1.19264793,1.19357848,1.19457459,1.19555199,1.19651937,1.19737983,1.19831467,1.19938231,1.20049,1.20151961,1.2022332,1.20296192,1.20378745,1.20479369,1.20583498,1.20683646,1.20775747,1.20859718,1.2094903,1.21048522,1.21156895,1.21244168,1.21319652,1.21392739,1.21471,1.21574438,1.21681237,1.21782494,1.21871555,1.2194494,1.22004938,1.22064877,1.22129703,1.22192729,1.22251356,1.22310758,1.22389734,1.2247901,1.22577262,1.22681963,1.22791493,1.22890925,1.2298466,1.23075783,1.2316854,1.23258758,1.23347569,1.2343781,1.23527133,1.23630965,1.23743761,1.23862588,1.23967898,1.24068642,1.24164808,1.24260926,1.24359453,1.24457574,1.24552715,1.24635959,1.24715841,1.24797666,1.24890709,1.24992383,1.25099277,1.25207829,1.25309575,1.2539469,1.25469041,1.25537395,1.25610328,1.25691617,1.25781059,1.25873184,1.25965619,1.26058042,1.26159155,1.262604,1.26365435,1.26478553,1.26595664,1.26693964,1.26776409,1.26850247,1.26914191,1.26978874,1.27053273,1.27128994,1.27200401,1.27253318,1.27313626,1.27390659,1.27494013,1.27596331,1.2769016,1.2775501,1.27803004,1.27847755,1.27927721,1.28022838,1.28141797,1.2825346,1.28355527,1.28445363,1.28515661,1.28578925,1.28634727,1.28686059,1.28748822,1.28845179,1.28959358,1.29081917,1.29180253,1.29268301,1.29340982,1.29400015,1.29465079,1.2953521,1.29604316,1.2968154,1.29776263,1.29896665,1.30025554,1.30145824,1.30240774,1.30308533,1.30353081,1.30409849,1.30474412,1.30567765,1.30651689,1.30735588,1.30822885,1.3092221,1.31039739,1.31158233,1.31265843,1.31376493,1.31487834,1.3160907,1.31731761,1.31845391,1.31947875,1.32049167,1.32184398,1.32319677,1.32446873,1.32547259,1.32643676,1.32746208,1.32868767,1.33004868,1.3314532,1.33300507,1.33476985,1.33670557,1.33862245,1.34027016,1.34165847,1.34273267,1.34393489,1.34525347,1.34646714,1.34764624,1.34883356,1.35021067,1.35166562,1.35327303,1.35499477,1.35653389,1.3577373,1.35861957,1.35970688,1.36094785,1.36238682,1.36365795,1.36462975,1.36554337,1.36635816,1.36711097,1.3678962,1.36865973,1.37007523,1.37166643,1.37358141,1.37500906,1.37622011,1.37737834,1.37876213,1.38048136,1.38242447,1.38423717,1.3863951,1.38887537
V114,1.08038902,1.08126175,1.08220577,1.08321154,1.08428705,1.08547795,1.08672535,1.08783114,1.08886123,1.0899111,1.09096169,1.0920217,1.09320068,1.0944252,1.09565067,1.09677851,1.0977627,1.09860063,1.09941149,1.10031307,1.10122097,1.10212922,1.10294199,1.10371423,1.10452688,1.10539889,1.10639775,1.10737801,1.10818779,1.10890341,1.10945213,1.10996735,1.11076677,1.11155176,1.11228108,1.11288643,1.11360085,1.11438382,1.11506689,1.11579466,1.11661136,1.11733437,1.11795151,1.11852384,1.1191678,1.11985469,1.12033451,1.12074816,1.12109351,1.12146854,1.12196708,1.12263203,1.12345219,1.12422407,1.12486076,1.12533462,1.12583983,1.12633193,1.12703383,1.12791812,1.12896383,1.12990487,1.13033783,1.13065207,1.13089275,1.13116598,1.13166714,1.1323787,1.13320994,1.133816,1.13427722,1.13465858,1.13517332,1.13585424,1.13653469,1.13722062,1.13773131,1.13814926,1.13861561,1.13914347,1.1398716,1.14065456,1.14147639,1.14214313,1.14277339,1.14338732,1.14407706,1.1449579,1.14581144,1.14659667,1.14725494,1.1478349,1.14826453,1.14871073,1.14927328,1.14987969,1.15042222,1.15089977,1.15142357,1.15203047,1.15265954,1.15334451,1.15402937,1.15451896,1.15492189,1.15540922,1.15615332,1.15693653,1.15776289,1.15839469,1.15896332,1.15958774,1.16029191,1.16124237,1.16226399,1.16326118,1.1641711,1.1650387,1.16597962,1.16706049,1.16822994,1.16920722,1.17005396,1.17058158,1.17104566,1.17160285,1.172261,1.17310333,1.17381072,1.17440152,1.17479849,1.17528212,1.17586946,1.17673218,1.17765999,1.17848873,1.17943227,1.18049574,1.18175888,1.18325388,1.18466079,1.18591702,1.18677974,1.1875484,1.18834949,1.18943822,1.19054425,1.191504,1.1923728,1.19309425,1.19388115,1.19481349,1.19595635,1.1971035,1.19814456,1.199085,1.20001507,1.20101821,1.2020452,1.20315039,1.20415342,1.20505238,1.20587647,1.20677924,1.2077564,1.20875406,1.20978951,1.21073472,1.21161056,1.21244621,1.21344483,1.21451306,1.21549022,1.21639669,1.21732318,1.21832049,1.21928883,1.22021246,1.22106063,1.22181976,1.22239089,1.22300518,1.22390378,1.22492003,1.22593939,1.22678161,1.22745311,1.22806358,1.22862542,1.22918737,1.22988105,1.23054552,1.23112571,1.23188102,1.23286176,1.23404741,1.23509622,1.23611999,1.23692679,1.2376368,1.23833227,1.23933721,1.24042189,1.24134207,1.24218535,1.24303973,1.24416351,1.24537098,1.24663961,1.2476846,1.24860537,1.24919796,1.24988365,1.25080335,1.25198281,1.25317633,1.25418139,1.25510669,1.2559303,1.25682306,1.2577095,1.25859654,1.25938368,1.26014817,1.26094854,1.26177454,1.26260674,1.26340997,1.26424253,1.26512146,1.26615644,1.26732659,1.2685194,1.26955056,1.27053905,1.27146065,1.27241457,1.27342057,1.27448237,1.27551699,1.27643025,1.27710557,1.27775133,1.27836156,1.27886963,1.27939498,1.27988827,1.28046095,1.28124201,1.28236139,1.28342986,1.28438866,1.28507614,1.28566766,1.28620732,1.28707159,1.28807485,1.28907943,1.28998125,1.29082584,1.291587,1.29229081,1.29299998,1.29368031,1.29432869,1.29510963,1.2961607,1.29733455,1.29850912,1.29947257,1.30038905,1.30114126,1.30173337,1.30240858,1.30311465,1.30368948,1.30428183,1.30519938,1.30636752,1.30752444,1.30863583,1.30973494,1.31072688,1.31154931,1.31222081,1.31286728,1.31322289,1.31368375,1.31448257,1.31581295,1.31714761,1.31815803,1.31905079,1.31991935,1.32082295,1.3220855,1.32347119,1.32485557,1.32602704,1.32722843,1.32854009,1.3300842,1.33159006,1.33288407,1.33393085,1.33512616,1.3362962,1.33751583,1.33889961,1.34033656,1.34161174,1.34308755,1.34510148,1.34744024,1.34951687,1.35131955,1.35242891,1.35359478,1.35482681,1.35653627,1.35807467,1.35921097,1.35997021,1.36089313,1.36226571,1.36387908,1.36548901,1.36693037,1.36821949,1.3696034,1.37120593,1.37304866,1.37476933,1.37596452,1.37709475,1.37834442,1.37945211,1.38056147,1.38207793,1.38385093,1.38539851,1.38697433,1.38841641,1.3889302,1.38953161,1.39105284,1.39346659,1.39585149,1.39775097,1.39971673,1.4016639
V114,1.07815707,1.07883179,1.0795511,1.08031058,1.08112156,1.08201611,1.08285952,1.08357275,1.08429384,1.08507395,1.0860796,1.08729696,1.08880448,1.09028232,1.09165025,1.09273791,1.09352648,1.0940901,1.09460366,1.09552073,1.09652936,1.09761512,1.09856236,1.09940898,1.10021675,1.10093892,1.10182118,1.1027416,1.10349274,1.10414529,1.10455823,1.10501194,1.10586345,1.10683441,1.10786426,1.10872161,1.10952115,1.1100626,1.11052406,1.11121213,1.11198509,1.11284506,1.11362445,1.11418593,1.11461568,1.11493731,1.11532164,1.1157788,1.11620426,1.11666012,1.11721039,1.11788416,1.11865115,1.11943018,1.12021744,1.12083542,1.12137699,1.1219008,1.12268054,1.12352705,1.1244173,1.12529325,1.12597632,1.12652111,1.12685168,1.12724805,1.12792814,1.12864864,1.12934494,1.12993908,1.13046658,1.13081849,1.13120711,1.13173127,1.1324265,1.13324642,1.13405573,1.13485718,1.13568628,1.13645005,1.13709068,1.13771403,1.13829887,1.13896,1.13961256,1.14034986,1.14112878,1.14187992,1.14253521,1.1431427,1.14383125,1.14458871,1.14537525,1.14614272,1.1469115,1.14753234,1.14804792,1.14849007,1.14895129,1.14960718,1.15038443,1.15129054,1.15210652,1.15269816,1.15314126,1.15351892,1.15400672,1.15466595,1.15550411,1.15621471,1.15684342,1.15766394,1.15857887,1.1596328,1.16067636,1.16159356,1.16240096,1.16305518,1.16375804,1.16466081,1.16581392,1.16682684,1.16768467,1.16830492,1.16888678,1.16952407,1.17016006,1.17081535,1.17140841,1.17198789,1.17242348,1.17297351,1.17372119,1.17469692,1.17572367,1.17662811,1.17759764,1.17869198,1.1798104,1.18095624,1.18203902,1.1830101,1.1837399,1.18451428,1.1853956,1.18660748,1.18783009,1.18887126,1.18983603,1.19058263,1.19136226,1.19230127,1.19332218,1.19425511,1.19516838,1.19606316,1.19697416,1.19805169,1.19918072,1.20032358,1.20125425,1.20206463,1.20295238,1.20390642,1.20497012,1.20608282,1.20716536,1.20805287,1.20886433,1.2096771,1.21064758,1.21162164,1.21248055,1.21332014,1.21418977,1.21517682,1.21621037,1.21737885,1.21839857,1.21918142,1.21969283,1.22022474,1.22100031,1.22191012,1.22293389,1.22386467,1.22456479,1.22520101,1.22595155,1.22670913,1.2274425,1.22813988,1.22876704,1.22947454,1.23025322,1.2312665,1.23231912,1.23336434,1.23422778,1.23511446,1.23605776,1.23710918,1.23812842,1.23901641,1.23986149,1.24064636,1.241624,1.24269593,1.2438283,1.24482012,1.24575961,1.24655175,1.24744976,1.2485528,1.24974298,1.25087929,1.2518487,1.25268686,1.25342131,1.25421417,1.25509024,1.25598454,1.25682497,1.25774074,1.25877225,1.25985837,1.260903,1.26170433,1.26246345,1.2632153,1.26415789,1.2652247,1.26640248,1.26735497,1.2681706,1.26890445,1.26986945,1.27099109,1.27209878,1.27315211,1.2741133,1.27474988,1.27531075,1.27597725,1.27676368,1.27749753,1.27801394,1.27861226,1.27936137,1.28033447,1.28122735,1.28213573,1.28276956,1.28337574,1.28406751,1.28509736,1.28613055,1.28694332,1.28760159,1.28813076,1.28889644,1.28977132,1.29066873,1.29136372,1.29214466,1.29314077,1.29431891,1.29561508,1.296996,1.29787958,1.29849827,1.29893088,1.29939711,1.29985726,1.30036032,1.30116665,1.30218697,1.30354702,1.30502963,1.30653846,1.3076638,1.3083725,1.30886674,1.30933869,1.30985868,1.31038392,1.31098187,1.31182182,1.31285548,1.31408131,1.31537724,1.31662667,1.31759024,1.31837118,1.31928182,1.32048166,1.32187462,1.32321417,1.32431078,1.32525766,1.32621336,1.32753599,1.32893836,1.33051193,1.33197415,1.33324397,1.33445644,1.33567727,1.33676982,1.33784938,1.33934402,1.3412323,1.3432076,1.34512472,1.34683561,1.34821224,1.34931886,1.35076058,1.35241818,1.35428917,1.35585237,1.35709155,1.3581953,1.35944986,1.36115944,1.36307943,1.36478579,1.36584806,1.36641729,1.3672322,1.3683691,1.36982262,1.37131786,1.37237477,1.37329876,1.37399876,1.37497771,1.37611413,1.37745035,1.37909281,1.38076496,1.38245416,1.38406265,1.38499689,1.38603175,1.38742292,1.38927662,1.39118207,1.39302862,1.39476407,1.39637506
V116,0.68596727,0.68679267,0.68764913,0.6885289,0.68942851,0.69036502,0.69130051,0.69209498,0.69277763,0.69347155,0.69445616,0.69563609,0.69708645,0.69851607,0.69979119,0.70066619,0.70125538,0.70186085,0.70259827,0.70374793,0.70490634,0.70603502,0.70689243,0.70755267,0.70830417,0.70918441,0.71050113,0.71186042,0.71292186,0.71385705,0.7144503,0.71496677,0.71583927,0.71686316,0.71803814,0.71893913,0.71969914,0.72017998,0.72065675,0.72149718,0.72248369,0.7236926,0.72487795,0.72584128,0.72660309,0.72718042,0.72782308,0.72849864,0.72919375,0.72989094,0.73056656,0.73140937,0.7324515,0.73361301,0.734761,0.7356208,0.7364043,0.73708153,0.73805022,0.7392078,0.74058574,0.74200249,0.74298477,0.74373317,0.74420726,0.74475628,0.74568337,0.74674779,0.74795061,0.74895906,0.74985456,0.75043231,0.75108469,0.75208163,0.75327498,0.75456423,0.75551838,0.75633156,0.75708663,0.75785041,0.75893301,0.76008308,0.76131099,0.76230919,0.76317072,0.76381135,0.764485,0.76536345,0.76627892,0.76731133,0.76846814,0.76974463,0.77105677,0.77233517,0.77354932,0.77456981,0.7754693,0.77622634,0.77702343,0.7780779,0.77930397,0.78077543,0.78217292,0.78328061,0.78421038,0.7850967,0.78610224,0.78723562,0.78847802,0.78960329,0.79070759,0.79181641,0.79294956,0.79438972,0.79586577,0.79710001,0.79815495,0.79918122,0.8004626,0.80199379,0.80380607,0.80547839,0.80683905,0.80750239,0.8080157,0.80862099,0.80928332,0.81016874,0.81095344,0.81166619,0.81208122,0.81247157,0.81294191,0.81352538,0.81412834,0.81464714,0.81528556,0.81618583,0.81729865,0.81858122,0.8197577,0.82069713,0.82121086,0.82173324,0.82236606,0.82344371,0.82457113,0.82557547,0.82651693,0.82728237,0.82807201,0.82896084,0.82993144,0.83080733,0.83170199,0.83272952,0.83383554,0.83526313,0.83666658,0.83786392,0.83869958,0.83932984,0.84014535,0.84119701,0.84249443,0.84389853,0.84527373,0.84621698,0.84698671,0.84775352,0.84883732,0.84995788,0.85102051,0.85207582,0.85314542,0.85428125,0.85546446,0.85681254,0.85794193,0.85878509,0.85942334,0.8602007,0.86142224,0.86281693,0.86424929,0.86544132,0.86625016,0.86691934,0.86773723,0.8686043,0.86952507,0.87040591,0.87123346,0.87227583,0.87348926,0.87499195,0.87644911,0.8778199,0.87874699,0.87957537,0.88047504,0.88169706,0.8829819,0.88428432,0.88556373,0.88671231,0.88800609,0.88942176,0.89092022,0.89229709,0.89370918,0.89509612,0.89666075,0.898534,0.90052658,0.90244263,0.90399843,0.90559143,0.90739197,0.90978885,0.91255248,0.91542649,0.91806173,0.92031991,0.92194146,0.92303878,0.92371327,0.92412716,0.92482805,0.92592841,0.92813885,0.93075603,0.93350279,0.93530524,0.93650299,0.93680942,0.93717033,0.93776393,0.93891543,0.94025517,0.94173789,0.94314694,0.94467515,0.94641513,0.94822574,0.95001,0.951482,0.95292717,0.95443577,0.9560225,0.95725405,0.95805508,0.95805067,0.95782268,0.95757955,0.95757967,0.9574182,0.95680386,0.95561796,0.9541266,0.9529534,0.95214093,0.95163494,0.95129567,0.95131505,0.9518528,0.95304054,0.95453715,0.95615232,0.95695013,0.95739448,0.95755267,0.95790523,0.95838469,0.95889831,0.9595589,0.96057773,0.96226704,0.96452886,0.9669615,0.96882355,0.96993089,0.9704845,0.97080392,0.97134393,0.97193235,0.97265357,0.97347057,0.97447371,0.97589213,0.97745168,0.97891986,0.98004824,0.98082185,0.98173064,0.98310214,0.9847492,0.98626226,0.9872641,0.9880864,0.9887839,0.98979896,0.99087167,0.99190277,0.99255162,0.99301702,0.99344826,0.9938612,0.99400157,0.99439067,0.99559128,0.99747962,0.99970824,1.00193691,1.00339949,1.00399733,1.00407755,1.00503504,1.00618088,1.00762916,1.00866115,1.00938821,1.01001632,1.01112986,1.01284444,1.01482832,1.0160464,1.01644158,1.01671124,1.01770878,1.0189451,1.02039897,1.02169251,1.02204323,1.02214324,1.02244532,1.02276838,1.02367151,1.02573264,1.02861881,1.03158522,1.0339694,1.03496599,1.03468144,1.03494024,1.03647399,1.03869259,1.04075646,1.04210079,1.04397273,1.04614639
V116,0.68692404,0.68812323,0.68926448,0.69035363,0.69140226,0.69241482,0.69332367,0.69418901,0.69508243,0.69605237,0.69710362,0.69815594,0.69921494,0.7002936,0.70137161,0.70239073,0.70339531,0.70440871,0.70541102,0.70647848,0.70753503,0.70855671,0.7094956,0.7104063,0.71144229,0.7125392,0.71367031,0.7147373,0.71563768,0.71650887,0.71733743,0.71812779,0.718988,0.71988946,0.72079873,0.72162461,0.72242564,0.72320813,0.72401249,0.72491473,0.7258265,0.72669798,0.72755331,0.72839999,0.72916049,0.72985607,0.73052263,0.73125285,0.73210692,0.73298967,0.73384547,0.73467642,0.73553187,0.73635155,0.73714328,0.73807847,0.73903209,0.74002731,0.74094999,0.74179965,0.74268359,0.74356949,0.74436373,0.74515986,0.74603254,0.74693912,0.74792558,0.74891549,0.74984139,0.75071573,0.75151306,0.75226772,0.75308758,0.75399846,0.75494152,0.75591558,0.7568177,0.75769502,0.7586081,0.75954586,0.76055819,0.76153558,0.76246899,0.76331413,0.76412743,0.76489717,0.7657361,0.76680684,0.76792055,0.76903892,0.77003682,0.77098,0.77190685,0.7728343,0.77385545,0.77495092,0.77595603,0.77677572,0.77758986,0.77845621,0.77937263,0.78042811,0.78157854,0.78279781,0.78394848,0.78504008,0.78616673,0.78730512,0.78841031,0.78939241,0.79035842,0.79140627,0.79250461,0.79363561,0.79480851,0.79607254,0.79736722,0.79867208,0.80001926,0.80144453,0.80288845,0.80412507,0.80523384,0.8063007,0.8072859,0.80815947,0.808981,0.80978018,0.81051409,0.8110919,0.81154859,0.81207037,0.81258148,0.81308484,0.81365663,0.81429958,0.81502599,0.81585729,0.81675744,0.81772685,0.81866515,0.81954587,0.82038981,0.82124913,0.82213843,0.8232044,0.82430118,0.82533455,0.82630575,0.82715154,0.82807744,0.82910436,0.83018762,0.8313145,0.83243573,0.83346647,0.83446074,0.83543622,0.83647043,0.83755589,0.83856964,0.8395561,0.84056067,0.84157026,0.84260273,0.84368229,0.84478593,0.8458426,0.84686023,0.84787679,0.84896392,0.85007304,0.85115713,0.85224193,0.8533417,0.85449666,0.85561818,0.85666472,0.85759437,0.85847104,0.85941362,0.86042148,0.86163658,0.86286807,0.86400163,0.865004,0.86590737,0.86676294,0.8676573,0.86858821,0.86954415,0.87048501,0.8713907,0.87237209,0.87344593,0.87460083,0.87575567,0.8769362,0.87804705,0.8791309,0.88021106,0.88141114,0.8826493,0.88392115,0.88518572,0.88641191,0.88766623,0.88896453,0.89029157,0.89163905,0.89302462,0.89444584,0.89594722,0.89761412,0.89942658,0.90124518,0.90300465,0.90479475,0.90669179,0.90889668,0.91151255,0.91436887,0.91718578,0.91962534,0.92121577,0.92209929,0.92254406,0.9230786,0.92396957,0.92531472,0.92735565,0.92959499,0.93190593,0.93371367,0.93509358,0.93581915,0.93632048,0.93672222,0.93754625,0.93874288,0.94027466,0.94194496,0.94360483,0.94521314,0.94668686,0.94810045,0.94948071,0.95095205,0.95245034,0.9537105,0.95461118,0.95521253,0.95545673,0.95556307,0.95563859,0.95566195,0.95537382,0.95449102,0.95326865,0.95185524,0.95081151,0.95020247,0.9499523,0.95006323,0.95041203,0.95096272,0.95161384,0.95231736,0.95303845,0.95370716,0.95437843,0.95504075,0.95584208,0.95680791,0.95783818,0.95871359,0.95969599,0.96086895,0.96220726,0.96364385,0.96522295,0.96670592,0.96791798,0.96883225,0.96961761,0.97029901,0.97090954,0.97159576,0.97242713,0.97344023,0.97460461,0.97590077,0.97714853,0.97838736,0.97963387,0.98088008,0.98219258,0.98349512,0.98472071,0.98578906,0.98670286,0.98757637,0.98840135,0.98921621,0.99000466,0.99065143,0.99133736,0.9920311,0.99296236,0.99401617,0.99509495,0.99621731,0.99736398,0.99856639,0.99982095,1.00109506,1.00231433,1.00346076,1.00458944,1.00567782,1.00654435,1.00748146,1.00857222,1.0098052,1.01092589,1.01196003,1.01294422,1.01403987,1.01544297,1.01694071,1.01830316,1.01948118,1.02040005,1.02110016,1.02209651,1.02335536,1.02478981,1.0261544,1.02746499,1.02856743,1.02956951,1.03086913,1.03228378,1.03390384,1.03559661,1.03749228,1.03922355,1.04052353,1.04182732,1.0437957,1.04623401
V116,0.6897825,0.69084388,0.69187772,0.69288898,0.69387269,0.6948036,0.69573039,0.69677728,0.69781363,0.69882584,0.69977909,0.70076877,0.7019006,0.70307988,0.70422435,0.70530879,0.70636755,0.70734924,0.7083261,0.70943415,0.71053702,0.71163523,0.71263045,0.71354777,0.71451688,0.71554673,0.71673131,0.71789855,0.71892357,0.71984845,0.72059286,0.72129005,0.72206849,0.72291887,0.72386461,0.72487694,0.72587603,0.72678965,0.72767365,0.72856128,0.72946048,0.73034245,0.73121285,0.73208231,0.73289073,0.73365474,0.7343576,0.73507529,0.73585075,0.73663765,0.73739183,0.73818749,0.73905981,0.73996156,0.74086303,0.7417953,0.74272686,0.74364185,0.74448454,0.74534196,0.74634206,0.74734277,0.74826175,0.74919468,0.75013405,0.75104767,0.7519924,0.75294614,0.75384998,0.75467122,0.75539654,0.7560885,0.75688773,0.75781101,0.75879663,0.75986177,0.76081377,0.76169664,0.76253229,0.76335633,0.76429927,0.76527333,0.76626718,0.76716,0.76806706,0.76895982,0.76988429,0.77095193,0.7720266,0.77310371,0.77409017,0.7750001,0.77597803,0.77701741,0.77811801,0.77913868,0.78008091,0.78084582,0.78159201,0.78248703,0.78351504,0.78477931,0.78602463,0.78712469,0.78813374,0.78912896,0.79023814,0.79141319,0.79265249,0.79371697,0.79471552,0.79576325,0.79685599,0.79812598,0.79943961,0.80065417,0.80183578,0.8030023,0.80432642,0.80581248,0.80742043,0.80882215,0.81004429,0.81100363,0.81186569,0.81272918,0.81356436,0.81435239,0.81499958,0.8155157,0.81594777,0.81646633,0.81705612,0.81776512,0.8184821,0.81899971,0.81955707,0.82026726,0.82116246,0.82225323,0.82332039,0.82433349,0.82517064,0.82593101,0.8267194,0.82776374,0.82887638,0.82996243,0.83098179,0.83186698,0.83278304,0.83377618,0.83487207,0.83600646,0.83708626,0.83809882,0.83915424,0.84030968,0.84149384,0.84268194,0.84375107,0.84477276,0.84576494,0.84679538,0.84792697,0.84909117,0.85024774,0.85121822,0.85215187,0.85312957,0.85425043,0.85540205,0.85649449,0.85753518,0.85855758,0.85960722,0.8607192,0.86192667,0.86309224,0.86417532,0.86517173,0.86618161,0.86731124,0.86848956,0.86967105,0.87079209,0.87178975,0.87269765,0.87358129,0.87447733,0.87539858,0.87628669,0.87710053,0.87803125,0.87909347,0.88029796,0.88151532,0.88274556,0.88382709,0.88485843,0.88587606,0.88708502,0.88835007,0.88966924,0.8909784,0.89222682,0.89356339,0.89497966,0.89645129,0.8978309,0.89922434,0.90061677,0.90214372,0.90389878,0.90577573,0.90765512,0.90941167,0.91118973,0.9130916,0.91541034,0.91810244,0.92095816,0.92361015,0.92590261,0.9275257,0.9285475,0.92913568,0.92969865,0.93057579,0.93181551,0.93378764,0.93608791,0.93851978,0.94034749,0.94172454,0.94237512,0.94285077,0.94331646,0.94423884,0.9455027,0.94709247,0.94882393,0.95050722,0.95212001,0.95362395,0.95507848,0.95648175,0.95796263,0.95952755,0.96090698,0.96194559,0.96267587,0.9629941,0.96307743,0.96302497,0.96292251,0.96256387,0.96175152,0.96060073,0.95928174,0.95815182,0.95740426,0.95700681,0.95696336,0.95711738,0.95756024,0.95828462,0.95921373,0.96034503,0.96131104,0.96217281,0.96288919,0.96352488,0.96425092,0.9651199,0.9660719,0.96714824,0.96847546,0.97007138,0.97169065,0.97318482,0.97463548,0.97593331,0.97699642,0.97783959,0.97857833,0.9790504,0.97948599,0.98019516,0.98143035,0.98289043,0.98433679,0.98563433,0.98672146,0.98777282,0.98904109,0.99055523,0.99201894,0.99319077,0.99424583,0.99525285,0.99637395,0.99741572,0.99838346,0.99901962,0.99957901,1.0000807,1.00053132,1.00110769,1.00178969,1.00266087,1.00388432,1.0054605,1.0071348,1.00858307,1.0098753,1.010764,1.01172769,1.01274359,1.01381969,1.01485991,1.0159452,1.0170598,1.01828027,1.01958334,1.02082169,1.02180028,1.02274084,1.02382183,1.0252682,1.02683997,1.02838492,1.02965224,1.03046072,1.03108776,1.03178072,1.03278089,1.0337671,1.03477705,1.03613889,1.03766716,1.03947544,1.04132748,1.04270577,1.04383266,1.04516685,1.04669154,1.04812264,1.04963982,1.05177939,1.0543859
V116,0.69410646,0.69489872,0.69573832,0.69662994,0.69758397,0.69860852,0.69958329,0.70058149,0.70162684,0.70266175,0.70379019,0.70503175,0.70639348,0.70768309,0.70885122,0.7098642,0.71079463,0.71177095,0.71278226,0.71408111,0.71536255,0.71653485,0.71738201,0.71802878,0.71880782,0.71969056,0.72090125,0.72214741,0.72315764,0.72405457,0.72476995,0.7254554,0.72635889,0.72734308,0.72841233,0.72934026,0.73017669,0.73082805,0.7314809,0.73242223,0.73341656,0.73435819,0.73527449,0.73611248,0.73681653,0.7373569,0.73786634,0.73850429,0.73922688,0.73996913,0.74077779,0.74165219,0.74261045,0.74354166,0.7444306,0.74529809,0.74615526,0.7470603,0.74816722,0.74934238,0.75049883,0.75159091,0.75233495,0.75296617,0.75348032,0.75406146,0.75505054,0.7561866,0.7572428,0.75804168,0.75869763,0.75920427,0.75982302,0.76075393,0.76185501,0.76305073,0.76401162,0.76486212,0.76566851,0.76648504,0.76751047,0.76852059,0.76948655,0.77028811,0.77105677,0.77176946,0.77252597,0.7734617,0.77443755,0.77541494,0.77640152,0.77745169,0.77862424,0.77976793,0.78086871,0.78184623,0.78270525,0.78349346,0.78435105,0.7854495,0.78663498,0.78780115,0.78891993,0.78988808,0.79080367,0.79171902,0.79285896,0.79406685,0.79526699,0.79624289,0.79718864,0.79826576,0.79940319,0.80073929,0.80210131,0.80322021,0.80420369,0.80522376,0.80660695,0.80820006,0.80997193,0.8114329,0.81258607,0.81327611,0.81390011,0.81476021,0.81570935,0.81665891,0.81739712,0.81793106,0.81819803,0.81854498,0.81903398,0.81966865,0.82035649,0.82090819,0.82158172,0.82256174,0.82369131,0.82486969,0.82591003,0.82681859,0.8274712,0.82816225,0.82896888,0.8301875,0.83143723,0.83246303,0.83337647,0.83403718,0.83467424,0.83544075,0.83633018,0.83733726,0.8384186,0.83956611,0.84080225,0.84213096,0.84343511,0.84465802,0.84561408,0.84642774,0.84737909,0.8484838,0.84971875,0.85096264,0.85218334,0.85309106,0.85391074,0.85477602,0.85592252,0.85711271,0.85815436,0.85910445,0.86004847,0.86118484,0.8624177,0.86375314,0.86485481,0.8657074,0.86646307,0.86732167,0.86854208,0.86988544,0.87118411,0.87224054,0.87296337,0.87356681,0.87437391,0.87528831,0.87627858,0.87719131,0.87793672,0.87885749,0.87997425,0.88133407,0.88264883,0.88397145,0.88497263,0.88588822,0.88683724,0.88811576,0.8894434,0.89070702,0.89193726,0.89310759,0.89444113,0.89586431,0.89730793,0.89859289,0.89991784,0.9013567,0.90299469,0.90484464,0.90668124,0.90847015,0.90998816,0.91154516,0.91330701,0.91555786,0.91818804,0.92101729,0.92372155,0.92604268,0.92756158,0.9285152,0.92904997,0.9295646,0.93038362,0.93166244,0.93375254,0.93612868,0.93864977,0.94060332,0.94208479,0.94273084,0.94322067,0.94372779,0.94464839,0.94579172,0.94716001,0.94867122,0.95028347,0.95199937,0.95363533,0.95520878,0.95655036,0.95803881,0.95971364,0.96139735,0.96265513,0.96344411,0.96337122,0.96311885,0.96300817,0.96316946,0.96303624,0.96221471,0.96094346,0.95935184,0.95800573,0.95714575,0.95672846,0.95653707,0.95660973,0.95719713,0.95828867,0.95941311,0.96052384,0.96128106,0.96179831,0.96203607,0.96241266,0.96305645,0.9638164,0.96464533,0.96581024,0.96756017,0.96953845,0.97149342,0.97321105,0.97453254,0.97532904,0.97576171,0.97641569,0.977108,0.97776854,0.97856873,0.97966796,0.98101699,0.98233241,0.98355824,0.98455393,0.98563242,0.98686332,0.98850852,0.99016589,0.99166477,0.99253207,0.99317521,0.99399406,0.99522495,0.99632806,0.9973675,0.99826652,0.99847746,0.9983896,0.99836719,0.99877638,0.99949634,1.00088549,1.00288796,1.00501359,1.00699866,1.00862563,1.00984001,1.01052415,1.01165366,1.01288974,1.01439452,1.01539373,1.01625311,1.0171876,1.01868486,1.0202018,1.02148271,1.0223012,1.02288449,1.02364969,1.02523065,1.02696872,1.02842402,1.02940309,1.029562,1.02965248,1.02975166,1.03042448,1.03153455,1.03352749,1.0364064,1.03928936,1.04192424,1.04351997,1.04383898,1.04416227,1.04519725,1.04720497,1.04918849,1.05065072,1.05289292,1.05570936
V116,0.69467044,0.69612014,0.69748801,0.69877273,0.69996732,0.70106137,0.7020756,0.70311099,0.70400369,0.70472038,0.7054463,0.70639503,0.70758611,0.70877522,0.71001709,0.71118844,0.71225309,0.71312141,0.71390742,0.71500319,0.71617591,0.71732384,0.71844435,0.7196663,0.72095907,0.72218812,0.72338527,0.72449952,0.72525531,0.72596252,0.72674263,0.72752154,0.72855198,0.72956973,0.73055321,0.73140305,0.73208374,0.73260146,0.73317605,0.73396051,0.73479438,0.73577082,0.73679107,0.73775059,0.73851031,0.73917878,0.73984164,0.74059367,0.74155051,0.74258184,0.74352026,0.74432915,0.74506164,0.74582434,0.74660075,0.74761784,0.74865645,0.74966288,0.75046897,0.75122285,0.75216007,0.75308859,0.75399154,0.75484097,0.75559872,0.75635666,0.75717437,0.75809342,0.75919753,0.7601819,0.7610532,0.76167238,0.76228595,0.76297426,0.76387477,0.76506245,0.76619542,0.76713866,0.76786107,0.76861155,0.76962608,0.77064657,0.77170259,0.77293485,0.77423245,0.77532113,0.77623475,0.77712977,0.77802855,0.77885425,0.7797277,0.78069729,0.78183639,0.7829321,0.78392619,0.78483963,0.78560233,0.78615594,0.78674656,0.78759831,0.78856236,0.78977585,0.79108679,0.79239452,0.79349542,0.79444355,0.79541409,0.7964946,0.7976858,0.79883593,0.79989439,0.80088824,0.80193323,0.80316269,0.80441314,0.80565006,0.80700022,0.80843639,0.80994332,0.81143969,0.81297326,0.81418896,0.81524765,0.81629807,0.81726182,0.81828868,0.8192513,0.82003886,0.82066041,0.82106328,0.82141572,0.82195884,0.82261693,0.82333314,0.8240822,0.82466185,0.82528126,0.8259269,0.82669979,0.82772726,0.8287645,0.829849,0.83098489,0.83206737,0.83305651,0.83415806,0.83528936,0.83620226,0.83705133,0.83794194,0.83899015,0.84006834,0.8411265,0.84223241,0.84324557,0.84409076,0.84498012,0.84602386,0.84710383,0.84824836,0.84942329,0.85066968,0.8518424,0.85291499,0.85398352,0.85501915,0.85602909,0.85703814,0.85814905,0.85938227,0.86060011,0.86177683,0.86275476,0.86373597,0.86472684,0.86591029,0.86711949,0.8682875,0.86934316,0.87025046,0.87105453,0.8719396,0.87302697,0.8741613,0.87538743,0.87658894,0.8775813,0.87842733,0.87923533,0.88007778,0.88107622,0.88211226,0.88310349,0.88402742,0.8850069,0.8861776,0.88739741,0.88871032,0.89008886,0.89140755,0.89260036,0.89382666,0.89506847,0.89627534,0.89736336,0.89834481,0.89954942,0.90091312,0.9023695,0.90385884,0.9054895,0.90720153,0.90887111,0.91058326,0.91224319,0.91390312,0.91550428,0.91727924,0.91933334,0.92176193,0.92441404,0.92722768,0.92976856,0.93191302,0.9334271,0.93442994,0.93506569,0.93578798,0.93670356,0.93796945,0.9397679,0.94188559,0.94425583,0.94622236,0.94792897,0.94902492,0.94977599,0.95035821,0.95121682,0.95230007,0.9535147,0.95484424,0.95639014,0.95809412,0.95973545,0.96136087,0.96310228,0.96480316,0.966317,0.96749938,0.96833915,0.96884191,0.96920681,0.96958888,0.96996832,0.96989024,0.96938747,0.96813345,0.96681201,0.96556354,0.964755,0.96422303,0.96400332,0.96394497,0.9638747,0.96405369,0.96469104,0.96549356,0.96650809,0.9674167,0.96821862,0.96887857,0.96951687,0.97035837,0.97133058,0.9724443,0.97373539,0.97515911,0.97669882,0.97828233,0.97959363,0.98089677,0.98218089,0.98344851,0.98443687,0.9852888,0.98577648,0.98643047,0.98733675,0.98855621,0.98974556,0.99082243,0.99188662,0.99316174,0.9945035,0.99594218,0.99730378,0.99863213,0.99956661,1.00028563,1.00107849,1.00201046,1.0028826,1.00387108,1.00518286,1.00626707,1.00705373,1.00775146,1.00844252,1.00928116,1.01046121,1.01195753,1.01350105,1.01480579,1.015944,1.01673615,1.01722062,1.01798618,1.01888931,1.02014709,1.02146292,1.0226208,1.0236181,1.02456284,1.02581453,1.02710402,1.02868307,1.0303719,1.03178036,1.03302348,1.03417158,1.03520966,1.03654647,1.03820264,1.03985715,1.04107285,1.04211259,1.04268301,1.04305923,1.04400408,1.04515266,1.04666364,1.04849124,1.05084527,1.05292058,1.05461836,1.05583346,1.05679727,1.05858099,1.06090343,1.06367815
V129,1.57858574,1.57876062,1.5790875,1.57956135,1.58018613,1.58095694,1.5820061,1.58341265,1.58512163,1.58712173,1.58917391,1.59082806,1.59192085,1.59271204,1.5936482,1.59504426,1.59656799,1.59840631,1.6005398,1.60229027,1.60333812,1.60360014,1.60338211,1.60308003,1.60309815,1.60326755,1.60407245,1.60499477,1.60563862,1.60618508,1.60643625,1.60675442,1.60796607,1.60939205,1.61079824,1.61132514,1.61167181,1.61176312,1.6117121,1.61191785,1.61237431,1.61314607,1.613868,1.61437666,1.61476016,1.61494029,1.61506712,1.61515045,1.61535025,1.61545467,1.61533117,1.61539495,1.61592364,1.6165334,1.61683059,1.61662328,1.61632037,1.61591196,1.61569476,1.6158731,1.61704266,1.61846614,1.61926949,1.6195972,1.61908579,1.61838937,1.61760998,1.61703038,1.61719012,1.61751604,1.61780107,1.61813307,1.61862159,1.61935401,1.62000811,1.62064087,1.62169039,1.62280262,1.62320149,1.62311316,1.62298715,1.62303567,1.62305987,1.62348557,1.62423408,1.62546504,1.62649906,1.62681842,1.62706447,1.62743688,1.62799668,1.62866449,1.62943196,1.62997067,1.63012564,1.62967622,1.62914634,1.6286577,1.62821043,1.62827861,1.6285814,1.62898493,1.62930894,1.62950087,1.62992287,1.63051128,1.63116109,1.63191378,1.63281059,1.63329935,1.6334517,1.63334072,1.63326156,1.633461,1.63378823,1.63444638,1.63525391,1.63597274,1.63651264,1.63707614,1.63782823,1.63859117,1.63933909,1.64027894,1.64125729,1.64222217,1.64302361,1.64350867,1.64392042,1.64431715,1.64458859,1.64529264,1.64633238,1.64751291,1.6487118,1.64957166,1.65043986,1.65147805,1.65271306,1.65444469,1.65608358,1.65735459,1.65829086,1.6589427,1.65947902,1.66053832,1.66168976,1.6627593,1.66367459,1.66437697,1.66518629,1.66605401,1.66712391,1.66841722,1.66945422,1.66989326,1.67018008,1.67052567,1.67096555,1.67167568,1.67259657,1.67370391,1.67505777,1.67648423,1.67783105,1.67880654,1.6796149,1.67986584,1.68019533,1.68087399,1.68203366,1.68322444,1.68408835,1.6849798,1.68585205,1.68671441,1.68752968,1.68819857,1.68871951,1.68916845,1.68965888,1.69031978,1.69138265,1.69237471,1.69302297,1.69322598,1.69317365,1.693084,1.6931299,1.69332349,1.69393396,1.69458818,1.695032,1.69548428,1.69619811,1.6973598,1.69842255,1.69948709,1.70025086,1.70085061,1.70113409,1.70143712,1.7019496,1.70275605,1.70355225,1.70442998,1.70530605,1.70625103,1.70715475,1.70821536,1.70925307,1.71026611,1.71120119,1.71187639,1.71228623,1.71272194,1.71330857,1.71395195,1.7146858,1.71568608,1.71646547,1.71702611,1.71735263,1.71778476,1.71850932,1.71928549,1.72014427,1.72106576,1.72197938,1.72288537,1.72378564,1.72482944,1.72592783,1.7270329,1.72815192,1.72944987,1.73065078,1.73164678,1.73216748,1.73262858,1.73312724,1.73379183,1.73459518,1.73557901,1.73648286,1.73724878,1.73761356,1.738258,1.73924005,1.74047899,1.74134278,1.74197531,1.74197018,1.74181688,1.74195445,1.74296463,1.74417913,1.74532199,1.74621058,1.74699676,1.74756825,1.7479744,1.74857497,1.74914634,1.74986041,1.75077081,1.75206137,1.7535547,1.75500476,1.75594223,1.75638783,1.75631762,1.7555331,1.75507724,1.75529814,1.75633204,1.75765634,1.75915444,1.76074171,1.7621249,1.76284921,1.76343679,1.763834,1.76384389,1.76390576,1.76430714,1.76511717,1.76601422,1.76732087,1.76906431,1.77033019,1.77099955,1.77171314,1.77312696,1.77463162,1.77638268,1.7777499,1.7789495,1.78003526,1.78137898,1.78329694,1.78547502,1.78744161,1.78922963,1.79112613,1.79286647,1.7944932,1.79621029,1.79812944,1.80013883,1.80223453,1.80442727,1.80696917,1.80984855,1.81280768,1.81560206,1.81816351,1.82080567,1.82309759,1.82532334,1.82672489,1.82791519,1.82927096,1.83158755,1.83408689,1.83620262,1.83701766,1.83753181,1.8385098,1.84009385,1.84227979,1.84482884,1.84684873,1.8478024,1.84902644,1.85050046,1.8521347,1.853809,1.8551693,1.85707414,1.85883951,1.86087632,1.86237049,1.86336267,1.86397338,1.86530411,1.86759496,1.86968935,1.87116051,1.87304449,1.87515175
V129,1.57629049,1.57776773,1.57928193,1.58080029,1.58230269,1.58382881,1.58558798,1.58743727,1.58898449,1.5901624,1.59119499,1.59237409,1.59336412,1.59396827,1.59448922,1.59536147,1.59643912,1.59714556,1.59767032,1.59864902,1.59982145,1.6008718,1.60166609,1.60241449,1.60311425,1.60370064,1.60437441,1.60507643,1.60600317,1.60691917,1.60746825,1.6080519,1.60902905,1.60990047,1.61070395,1.61121356,1.61165428,1.61185062,1.61181831,1.61189198,1.61220849,1.61272407,1.61312258,1.6135776,1.61396587,1.61430085,1.6147846,1.615183,1.61564541,1.61605549,1.61621153,1.61622477,1.6161406,1.61582673,1.61542499,1.61538124,1.61556494,1.61599052,1.61648118,1.6169647,1.61729074,1.61751759,1.61758482,1.61760247,1.61789691,1.61830842,1.61889887,1.61941707,1.61967993,1.6198014,1.61980331,1.61964071,1.61945987,1.61950469,1.61984944,1.62033558,1.62099111,1.62171793,1.62201405,1.62208152,1.62228251,1.62270224,1.62312126,1.6233474,1.62382066,1.6247704,1.62566566,1.62631762,1.62696946,1.62753034,1.62773716,1.6275537,1.62740552,1.62738705,1.62769306,1.62792003,1.62807488,1.62816548,1.62837076,1.62896311,1.62962782,1.63027382,1.63086712,1.63107264,1.63094807,1.63089907,1.63137496,1.63213515,1.63317502,1.63378525,1.63425183,1.63414788,1.63385701,1.63394713,1.63430929,1.63497984,1.63552618,1.63604319,1.63646233,1.63715959,1.63812327,1.63941336,1.64064014,1.64155781,1.64232075,1.64247513,1.6424197,1.64249909,1.64291704,1.64355552,1.64439404,1.64542508,1.64675152,1.6479944,1.64907908,1.6499114,1.65072954,1.65165031,1.65244758,1.65310133,1.65406549,1.655393,1.6568495,1.6582303,1.65970218,1.66100633,1.66199672,1.66239178,1.66284192,1.66337442,1.66403031,1.66490173,1.66605532,1.66724455,1.6682986,1.66927183,1.67024994,1.6710856,1.67190015,1.67272627,1.67343545,1.67412901,1.67491388,1.67570937,1.67654634,1.677356,1.67819238,1.67901707,1.67969656,1.6803484,1.68123734,1.68230736,1.68337488,1.68428814,1.68510401,1.68562758,1.68607366,1.68652999,1.68720555,1.68802536,1.68889701,1.68978274,1.69076633,1.69166183,1.69244266,1.6927377,1.69265699,1.69267964,1.69305182,1.69341862,1.69393742,1.69448519,1.69483125,1.6952616,1.69587719,1.69684589,1.69766355,1.69841921,1.69909239,1.69965887,1.70020425,1.7010479,1.70200336,1.70287323,1.70368612,1.70463729,1.705603,1.7064606,1.70719624,1.70773923,1.70826805,1.70885766,1.70955014,1.71053302,1.7114954,1.71230602,1.71280384,1.71326506,1.71385932,1.71462023,1.71548128,1.71637213,1.71713173,1.71769869,1.71809518,1.71860409,1.71926832,1.72022259,1.72120619,1.72227252,1.7233789,1.72452414,1.72555697,1.72661984,1.72774374,1.72902381,1.73013198,1.73113227,1.73205495,1.7328068,1.733217,1.73351324,1.73403966,1.73489261,1.73591626,1.73693359,1.7377944,1.73834646,1.73869622,1.73931372,1.7399627,1.74069166,1.74116004,1.74139512,1.74157619,1.74230897,1.74314547,1.74392843,1.74446321,1.74499846,1.74569273,1.74641418,1.74726367,1.74806869,1.74854207,1.74895561,1.74998343,1.75119102,1.75232482,1.75296366,1.75353003,1.75396335,1.75448203,1.75524199,1.75604284,1.75629222,1.75661695,1.75746644,1.75888371,1.76027477,1.76141715,1.76227283,1.76258409,1.76254737,1.76280665,1.763363,1.76390743,1.76480126,1.76599514,1.76730537,1.76865184,1.76969421,1.77049899,1.77133203,1.77219939,1.77321196,1.77437246,1.77595115,1.77768362,1.77935755,1.78143287,1.78344762,1.78520155,1.78694618,1.78896189,1.79115093,1.79331994,1.79578924,1.79823816,1.80045176,1.80292356,1.80553353,1.80816197,1.81101298,1.8134402,1.8152895,1.81653869,1.81821275,1.82006311,1.82249427,1.82532763,1.8281101,1.83012307,1.83148265,1.83242309,1.83319151,1.83408463,1.83559179,1.83782196,1.83971822,1.84166098,1.84366643,1.84533334,1.84702861,1.84845555,1.84903502,1.84931719,1.85004878,1.85204363,1.85515594,1.85784721,1.85786057,1.85729837,1.85776532,1.85842514,1.86103523,1.86305702,1.86420274,1.8655771,1.86752653,1.86989987
V129,1.58149755,1.5819031,1.58252144,1.58334637,1.58437169,1.58560801,1.58718359,1.58899736,1.59078395,1.59244192,1.5936116,1.59453917,1.59533715,1.59631753,1.59752727,1.59882224,1.59999764,1.6009289,1.60177016,1.60246837,1.60308397,1.60399914,1.60504031,1.60592628,1.60671675,1.6074537,1.60834038,1.60921311,1.60998166,1.61062312,1.61117435,1.61167812,1.61212695,1.61264718,1.61314368,1.6136626,1.61427665,1.61472321,1.61509538,1.61564624,1.61623323,1.61659956,1.61676633,1.61670268,1.61677206,1.61693609,1.6171931,1.61743689,1.61764991,1.61777151,1.61761749,1.61762726,1.61781645,1.61778879,1.61776233,1.61801577,1.61839342,1.61879802,1.61928403,1.61989808,1.62032151,1.62064874,1.62085402,1.62114179,1.62184894,1.62236142,1.62240899,1.62228906,1.62198675,1.621696,1.62141299,1.62157321,1.62198281,1.62267184,1.62316036,1.62353742,1.62387741,1.62416613,1.62443781,1.62471998,1.62527847,1.62581611,1.62623739,1.62632632,1.62640476,1.62667727,1.62724185,1.6286639,1.63001215,1.63095582,1.63142776,1.63153517,1.6314379,1.63119435,1.63101888,1.63075602,1.63055539,1.63012719,1.62969637,1.63011503,1.63089633,1.63176811,1.63238096,1.63242352,1.63244438,1.632568,1.63298893,1.63361883,1.63447416,1.6348865,1.63515079,1.63522565,1.63538933,1.63616514,1.6371913,1.63819039,1.63904011,1.63982809,1.64042866,1.6410408,1.64173841,1.64262497,1.64344311,1.64410329,1.64469182,1.64521527,1.64571917,1.64625788,1.64680386,1.64730966,1.64773941,1.64824665,1.64889705,1.64990795,1.65109801,1.65228117,1.65349066,1.65471041,1.65600097,1.65721524,1.6581713,1.65905225,1.65976501,1.66045809,1.66122782,1.66239345,1.66367841,1.66471708,1.665537,1.66610765,1.66684806,1.66784942,1.66913092,1.67061031,1.67198908,1.67293942,1.67368686,1.67403293,1.6743747,1.6749835,1.67579246,1.67669666,1.6773324,1.67796206,1.67857838,1.67932761,1.6801914,1.68136942,1.68262815,1.68383861,1.68500972,1.68612754,1.68702888,1.68780279,1.68851566,1.68915522,1.68972242,1.69026685,1.69078314,1.69126272,1.69169092,1.69221544,1.69300568,1.69375992,1.69445121,1.69495118,1.69512653,1.69522452,1.69547319,1.69583845,1.69665205,1.6975069,1.69814599,1.69861412,1.69905937,1.69964492,1.70032513,1.70105326,1.70165479,1.70211947,1.70255947,1.70321727,1.70386851,1.70456564,1.70538616,1.70623505,1.70732152,1.70849979,1.7097888,1.71083498,1.71161056,1.71199131,1.71244621,1.7130748,1.71386456,1.71462178,1.71519315,1.71568358,1.71609569,1.7167654,1.71757245,1.718436,1.71935785,1.7202369,1.72075939,1.72129214,1.72188115,1.7225498,1.72340381,1.72451222,1.72604477,1.72732484,1.72811222,1.7285074,1.7291795,1.73056436,1.73227561,1.7340883,1.73511028,1.735901,1.73626673,1.73667097,1.73724604,1.73789215,1.73844159,1.73875153,1.7390815,1.73982441,1.74074662,1.74136066,1.74196613,1.74271631,1.74332893,1.74368238,1.7442528,1.74547553,1.74670386,1.74791682,1.74882889,1.74946976,1.74957275,1.74968541,1.74992931,1.75033593,1.75093234,1.75190806,1.753304,1.75461423,1.75563169,1.75611067,1.7566148,1.75702024,1.75764179,1.75828934,1.758798,1.75888407,1.75921941,1.7606138,1.76243889,1.76399601,1.76504123,1.76574397,1.76605785,1.76623034,1.7669214,1.76788092,1.76869273,1.7692703,1.7701056,1.77119541,1.77237391,1.77344882,1.77428162,1.77474308,1.7753036,1.77647245,1.77809906,1.78004277,1.78229177,1.78440833,1.78637576,1.78783727,1.78919649,1.79044616,1.79192543,1.79397225,1.79631269,1.79853332,1.80069566,1.80292523,1.80582416,1.80884111,1.81176734,1.81443572,1.81640005,1.81786692,1.81880689,1.82074249,1.82290864,1.82539678,1.82807434,1.83052373,1.83242154,1.83385611,1.83578789,1.83802569,1.84038115,1.84280586,1.84467912,1.84600544,1.8469491,1.84794056,1.85002744,1.85190952,1.85371208,1.85571587,1.85721362,1.85807908,1.85855103,1.86011815,1.86161852,1.86354768,1.86541057,1.86647379,1.86722231,1.86755109,1.86822855,1.87012792,1.87329793,1.87665594,1.88045108
V129,1.57970524,1.58079851,1.58209312,1.58353186,1.58506584,1.58675766,1.58900499,1.59099638,1.59228218,1.59309924,1.59367263,1.59458506,1.59589589,1.59728754,1.59875584,1.59993744,1.60079575,1.60145521,1.60191309,1.60205495,1.60224926,1.60285568,1.60391092,1.60497248,1.60575676,1.6065557,1.60763156,1.60859692,1.60914421,1.60968447,1.61039233,1.61112225,1.61182129,1.61254489,1.61330712,1.61429775,1.61536014,1.61611903,1.61674356,1.61722982,1.61756551,1.61779499,1.61787784,1.61754632,1.61745512,1.61769414,1.61800456,1.61818779,1.61811721,1.61807895,1.6182847,1.61873567,1.61923599,1.61964595,1.62003434,1.6201328,1.62007892,1.62000549,1.62051427,1.6212939,1.62167871,1.6217308,1.62152803,1.62134004,1.62133479,1.62129235,1.62148452,1.62206471,1.62276769,1.62307882,1.62306643,1.62244356,1.62201071,1.62195396,1.62228203,1.62304187,1.62405682,1.62520444,1.62599707,1.62634492,1.62644017,1.62673295,1.6271528,1.62786257,1.62840736,1.62878585,1.62936437,1.62995982,1.63043642,1.63090384,1.63128769,1.63173401,1.63189828,1.6318419,1.63150227,1.63156223,1.63170731,1.63142383,1.63105905,1.63111079,1.63156378,1.63265753,1.63352442,1.63382316,1.63383269,1.63363004,1.63307631,1.63302207,1.63383126,1.63517475,1.63634634,1.63675153,1.63714719,1.63737547,1.63731933,1.63743496,1.63783467,1.63843536,1.63894308,1.63959384,1.64047635,1.64184093,1.64332473,1.64453197,1.64547873,1.64602578,1.64642036,1.64664674,1.64681852,1.64713168,1.64760876,1.64825237,1.64910436,1.65004551,1.65104258,1.65195501,1.65296161,1.6541959,1.65565801,1.65724242,1.65850675,1.65946853,1.66022158,1.66093206,1.66153717,1.66243601,1.66362143,1.66485465,1.66584313,1.66673779,1.66758692,1.66840839,1.66911948,1.67010033,1.67120206,1.67222226,1.67316043,1.6738739,1.67450404,1.67507958,1.67560279,1.67618906,1.67712545,1.67809749,1.67901599,1.68007326,1.68117583,1.68184555,1.68242931,1.68312502,1.68429995,1.68565762,1.6869328,1.6880399,1.68902576,1.68955529,1.69000793,1.69043088,1.69091392,1.69143653,1.69195831,1.6924932,1.69316363,1.6939081,1.69468558,1.69537652,1.69576621,1.69595563,1.69628191,1.69667256,1.69709575,1.69758463,1.69807065,1.69862378,1.69921517,1.69990575,1.70081472,1.70181334,1.70257056,1.70328581,1.70397401,1.70473516,1.70549977,1.70651233,1.70759535,1.70847356,1.70921814,1.71007824,1.71089387,1.71160841,1.71228814,1.71296287,1.71360481,1.7142309,1.71500778,1.71571171,1.71619904,1.71661723,1.71706498,1.71785855,1.71889889,1.71986461,1.72049701,1.72115076,1.72198009,1.72303665,1.72414863,1.72499466,1.72560287,1.72591865,1.72629666,1.72700548,1.72804081,1.72942066,1.73078084,1.7316432,1.7326014,1.73385775,1.73513484,1.7359705,1.73667216,1.73716617,1.73750257,1.73788214,1.73864675,1.7395879,1.74024403,1.74093771,1.74182522,1.7428,1.74350989,1.74391305,1.74389768,1.74421751,1.74491346,1.7459811,1.74707949,1.74770474,1.74833345,1.74906027,1.74991047,1.75089622,1.75187969,1.75256157,1.7529192,1.75325561,1.75416517,1.75526083,1.75663614,1.75783777,1.75856328,1.75881171,1.75868309,1.75856388,1.75849807,1.75861323,1.75906253,1.75993919,1.76115048,1.76256359,1.76398349,1.76508796,1.76589048,1.76663136,1.76735127,1.76814163,1.7689147,1.76972604,1.7706852,1.77191699,1.77330446,1.77458787,1.77562022,1.77628195,1.77701497,1.77820098,1.77972925,1.78135455,1.78253126,1.78373694,1.7854414,1.78799462,1.79023194,1.79213178,1.79338598,1.79496455,1.79654145,1.7990253,1.80167615,1.80438888,1.80728853,1.81011808,1.81240022,1.81386304,1.81597531,1.81827414,1.82133663,1.82380855,1.82591283,1.82664263,1.82760429,1.82926273,1.83177316,1.83445942,1.83644688,1.83790338,1.83878207,1.84010172,1.84239781,1.84565485,1.84851456,1.85007668,1.8511709,1.85251784,1.85401964,1.85635698,1.85777116,1.85841954,1.8582145,1.85884476,1.86000192,1.8628031,1.86608934,1.86824679,1.86995995,1.87158561,1.87396312,1.87595856,1.87718606,1.87926269,1.88186455
V129,1.57021379,1.57216787,1.57395506,1.57558632,1.57702756,1.57817328,1.57938135,1.58091474,1.58237755,1.58383405,1.58516812,1.58661211,1.58843958,1.59031904,1.59196377,1.59302378,1.59359002,1.59384358,1.59397888,1.59467268,1.59561539,1.59666848,1.59749246,1.59823906,1.59896231,1.59962034,1.60050976,1.60140586,1.60225284,1.60319495,1.6038866,1.60432971,1.60465574,1.60512424,1.60569787,1.60619736,1.60651839,1.60678649,1.60731602,1.60800076,1.60845578,1.60893893,1.60952759,1.61010098,1.61034679,1.6102587,1.61018646,1.61022806,1.61033595,1.6103493,1.61053932,1.61091721,1.61121321,1.61132848,1.6114409,1.61184442,1.61231577,1.61289811,1.6136626,1.61442125,1.61458302,1.61442089,1.61400306,1.6135875,1.61327267,1.6130929,1.61339462,1.61397016,1.61444342,1.61451685,1.61447549,1.61427236,1.61403704,1.61408544,1.61453295,1.61517489,1.61569536,1.616364,1.61702168,1.61747849,1.61785853,1.61812425,1.61834836,1.61834824,1.61832273,1.61891377,1.61976171,1.62047374,1.62102866,1.62161577,1.62212956,1.62259996,1.62306571,1.62331748,1.62334073,1.62267303,1.62186491,1.62168324,1.6218468,1.62260318,1.62352657,1.62415433,1.62451005,1.62451673,1.62438393,1.62430358,1.62448537,1.62482762,1.62536323,1.62557387,1.62561691,1.62578022,1.62600183,1.62620795,1.62662446,1.62747264,1.62838387,1.62930024,1.63011992,1.6309278,1.63148308,1.63188386,1.6323781,1.63315511,1.63401091,1.63510847,1.63626969,1.63705873,1.63759756,1.63793981,1.6383332,1.6389693,1.63986039,1.64087403,1.64193785,1.64267838,1.64346516,1.64437234,1.64543343,1.64677048,1.64813828,1.64956594,1.65103662,1.65227532,1.65327168,1.65411425,1.65486515,1.65547252,1.65607715,1.65682638,1.65783906,1.65895236,1.660092,1.661129,1.66204667,1.662889,1.66377997,1.66483867,1.665815,1.66663289,1.66727245,1.6678499,1.66876078,1.67001355,1.67141795,1.67237675,1.67313814,1.6734283,1.6738621,1.67459869,1.67574048,1.67703807,1.67810297,1.67888117,1.67947769,1.68016446,1.68095279,1.68182564,1.68239915,1.68275094,1.68313372,1.68361592,1.68419242,1.6848011,1.68551469,1.68630099,1.68683183,1.68703604,1.68740523,1.68793583,1.68838632,1.68868721,1.68907011,1.68955517,1.69005036,1.69082427,1.69178343,1.69284356,1.69364226,1.69437706,1.69495261,1.69543338,1.69596457,1.69677019,1.69774878,1.69879186,1.69975722,1.70076632,1.70174944,1.70246565,1.70296061,1.70332241,1.70382833,1.70441484,1.70531785,1.70634031,1.70721853,1.70774353,1.70808315,1.70861411,1.70940495,1.71041417,1.71125555,1.71209657,1.71284425,1.71362984,1.71431994,1.71491325,1.71551502,1.71608961,1.71676099,1.71783829,1.71924186,1.72031581,1.72126365,1.72220898,1.7232337,1.72424197,1.72525144,1.72609293,1.72676373,1.72750115,1.72852504,1.72989166,1.73108315,1.73216641,1.73242509,1.73247218,1.7327733,1.73374081,1.73461282,1.7354244,1.73586833,1.73627746,1.73670959,1.73764157,1.73870909,1.73949194,1.73996401,1.74024785,1.74058473,1.74090803,1.74131536,1.74169469,1.74236131,1.74338865,1.744856,1.74628758,1.74750161,1.74792051,1.74818027,1.74839938,1.74891436,1.74953151,1.75026286,1.75060892,1.75089824,1.75164092,1.75306451,1.75461435,1.75623739,1.75751817,1.75785804,1.7573446,1.75730097,1.75728059,1.75720477,1.7579205,1.75943542,1.76124346,1.76310527,1.76498032,1.76638067,1.76689148,1.7672559,1.76801991,1.76922715,1.77097833,1.77339387,1.77545404,1.77682257,1.77774584,1.77910686,1.78089762,1.78387868,1.78649068,1.78887677,1.78975594,1.79087567,1.79305232,1.79649758,1.8001945,1.80351877,1.80642092,1.80859601,1.81002963,1.81109095,1.81242275,1.81434834,1.81700051,1.81961262,1.82210755,1.82383811,1.82454443,1.82563591,1.82749879,1.8296541,1.83165646,1.83409786,1.83665109,1.83900332,1.84121883,1.84319603,1.84447968,1.84548056,1.8467567,1.8481406,1.84947312,1.85086203,1.85302424,1.85516584,1.85725737,1.85915101,1.86066341,1.86185896,1.86335564,1.86464417,1.86633408,1.86862636,1.86991942,1.87051535
